:1000000000000220CD9500007F51000093530000B6
:10001000976800006B6C0000937500000000000002
:10002000000000000000000000000000CF7B000086
:10003000877D00000000000027810000C5990000B6
:100040008D9D0000959D00009D9D0000A59D0000D8
:10005000AD9D0000B59D0000BD9D0000C59D000048
:10006000CD9D0000D59D0000DD9D0000E59D0000B8
:10007000ED9D0000F59D0000FD9D0000059E000027
:100080000D9E0000159E00001D9E0000259E000094
:100090002D9E0000359E00003D9E0000459E000004
:1000A0004D9E0000559E00005D9E0000659E000074
:1000B0006D9E0000759E000055A400007D9E00000E
:1000C000859E00008D9E0000959E00009D9E000074
:1000D00055A40000A59E0000AD9E0000B59E000046
:1000E000BD9E0000C59E000055A40000CD9E0000EE
:1000F000D59E0000DD9E0000E59E0000ED9E000004
:1001000055A40000F59E0000FD9E0000059F000024
:100110000D9F0000159F00001D9F0000259F0000FF
:100120002D9F0000359F00003D9F0000459F00006F
:100130004D9F0000559F00005D9F0000659F0000DF
:100140006D9F0000759F00007D9F0000859F00004F
:100150008D9F0000959F00009D9F0000A59F0000BF
:10016000AD9F0000B59F0000BD9F0000C59F00002F
:10017000CD9F0000D59F0000DD9F0000E59F00009F
:10018000ED9F0000F59F0000FD9F000005A000000E
:100190000DA0000015A000001DA0000025A000007B
:1001A0002DA0000035A000003DA0000045A00000EB
:1001B0004DA0000055A000005DA0000065A000005B
:1001C0006DA0000075A000007DA0000085A00000CB
:1001D0008DA0000095A000009DA00000A5A000003B
:1001E000ADA00000B5A00000BDA00000C5A00000AB
:1001F000CDA00000D5A00000DDA00000E5A000001B
:10020000EDA00000F5A00000FDA0000005A1000089
:100210000DA1000015A100001DA1000025A10000F6
:100220002DA1000035A100003DA1000045A1000066
:100230004DA1000055A100005DA1000065A10000D6
:100240006DA1000075A100007DA1000085A1000046
:100250008DA1000095A100009DA10000A5A10000B6
:10026000ADA10000B5A10000BDA10000C5A1000026
:10027000CDA10000D5A10000DDA10000E5A1000096
:10028000EDA10000F5A10000FDA1000005A2000005
:100290000DA2000015A200001DA2000055A4000040
:1002A00055A4000055A4000025A200002DA20000C6
:1002B00035A200003DA2000045A200004DA20000B2
:1002C00055A200005DA2000065A200006DA2000022
:1002D00075A200007DA2000085A200008DA2000092
:1002E00095A200009DA20000A5A20000ADA2000002
:1002F000B5A20000BDA20000C5A20000CDA2000072
:10030000D5A20000DDA20000E5A20000EDA20000E1
:10031000F5A20000FDA2000005A300000DA300004F
:1003200015A300001DA3000025A300002DA30000BD
:1003300035A300003DA3000045A300004DA300002D
:1003400055A300005DA3000065A300006DA300009D
:1003500075A300007DA3000085A300008DA300000D
:1003600095A300009DA30000A5A30000ADA300007D
:10037000B5A3000081B0DFF88816C0B251F8202084
:100380000020009001211000036853F080430360B7
:100390001000036853F0805303601068C00F0028FA
:1003A00004D01000036823F000430360DFF88037B7
:1003B0000098984207D20098401C00901068C0F343
:1003C000C0600028F2D00098984201D301210DE0CE
:1003D000002000900098984208D20098401C00909D
:1003E0001068C0F300600028F4D000210800C0B2FB
:1003F00001B0704781B0DFF80816C0B251F8202074
:1004000000200090012011000B6833F080530B6036
:1004100011000B6833F080430B60009942F21073B7
:10042000994208D20099491C00911168C1F30061FA
:100430000029F2D10020C0B201B070473EB50400DF
:10044000DFF8F0032100C9B250F821100D6ADFF87F
:10045000D4092200D2B250F822000540DFF8C809C2
:1004600005400D6268071FD54C21DFF8C029200028
:10047000C0B2484310440069002808D02000C0B230
:1004800001FB00F102EB0100006980470CE0002055
:100490000290002001900020009000230122002102
:1004A0002000C0B200F0C8FC28031DD54C21DFF8A5
:1004B0007C292000C0B248431044006A002806D0BE
:1004C000E4B24C4302EB0400006A80470CE00020D9
:1004D00002900020019000200090002301220421BE
:1004E0002000C0B200F0A8FC37BDE0B5D149020041
:1004F000D2B251F822105FF400320A624C22DFF8C7
:100500002C390100C9B2514319448969002905D029
:10051000C0B250431844806980470BE0002102912B
:100520000021019100210091002301220221C0B28B
:1005300000F082FC07BDE0B5BE490200D2B251F81E
:1005400022105FF480320A624C22DFF8E0380100AA
:10055000C9B251431944C969002905D0C0B25043FA
:100560001844C06980470BE00021029100210191ED
:1005700000210091002301220321C0B200F05CFCA5
:1005800007BD3EB50400AB482100C9B250F82100B8
:10059000DFF89C58016A2200D2B245F822100221ED
:1005A00001624C21DFF884282000C0B24843104487
:1005B0004069002808D02000C0B201FB00F102EB26
:1005C0000100406980470CE000200290002001906B
:1005D000002000900023012201212000C0B200F081
:1005E0002BFC0020E4B245F8240037BD3EB50400E2
:1005F00090482100C9B250F82100DFF83458016A50
:100600002200D2B245F822105FF4801101624C2121
:10061000DFF818282000C0B248431044406A002880
:1006200008D02000C0B201FB00F102EB0100406ADB
:1006300080470CE0002002900020019000200090F4
:100640000023012205212000C0B200F0F5FB0020AC
:10065000E4B245F8240037BD3EB5040075482100DA
:10066000C9B250F82110D1F8085BD1F8000B054051
:1006700015F44035C1F8085BE8031FD54C21DFF8BD
:10068000AC272000C0B248431044406C002808D07A
:100690002000C0B201FB00F102EB0100406C80477A
:1006A0000CE0002002900020019000200090002328
:1006B00001220D212000C0B200F0BEFBA8031DD511
:1006C0004C21DFF868272000C0B248431044806CFA
:1006D000002806D0E4B24C4302EB0400806C804753
:1006E0000CE00020029000200190002000900023E8
:1006F00001220E212000C0B200F09EFB37BDE0B504
:100700004C490200D2B251F8221001220A624C2256
:10071000DFF818370100C9B251431944896A00292A
:1007200005D0C0B250431844806A80470BE00021D6
:100730000291002101910021009100230122062154
:10074000C0B200F079FB07BD3EB504003948210076
:10075000C9B250F82110D1F8FC5AD1F8E00A05408E
:1007600015F45025C1F8FC5A28031FD54C21DFF899
:10077000BC262000C0B248431044806B002808D03B
:100780002000C0B201FB00F102EB0100806B80474A
:100790000CE0002002900020019000200090002337
:1007A00001220A212000C0B200F046FB68031FD5D9
:1007B0004C21DFF878262000C0B248431044C06BBB
:1007C000002808D02000C0B201FB00F102EB0100BC
:1007D000C06B80470CE000200290002001900020B8
:1007E0000090002301220B212000C0B200F024FB66
:1007F000E8031DD54C21DFF834262000C0B2484361
:100800001044006C002806D0E4B24C4302EB040014
:10081000006C80470CE00020029000200190002036
:100820000090002301220C212000C0B200F004FB44
:1008300037BD0000E89900002DE9F8430400704836
:100840002100C9B250F82150DFF8D4052100C9B207
:1008500050F82160D5F8008018F07F0818F10108E1
:10086000D6F83090B06A10EA09091FFA89F9B8F190
:10087000110F02D35FF01008FFE7002719E0B06AFC
:100880000121B9408843B0620FE04C21DFF89C257C
:100890002000C0B2484310580028F0D03800230090
:1008A000DBB201FB03F1515888470120B8403063A7
:1008B0007F1C47455CD24846F840C007F8D52868F9
:1008C000C0F34070002803D0082F01D2012000E0BF
:1008D0000020C0B20028D8D0052F16D14C21DFF857
:1008E0004C252000C0B248431044C06A002808D0FC
:1008F0002000C0B201FB00F102EB0100C06A80479A
:1009000003E0B06A30F02000B062062F16D14C210F
:10091000DFF818252000C0B248431044006B0028BF
:1009200008D02000C0B201FB00F102EB0100006B17
:10093000804703E0B06A30F04000B062072FB4D1C6
:100940004C21DFF8E8242000C0B248431044406B3B
:10095000002808D02000C0B201FB00F102EB01002A
:10096000406B8047A1E7B06A30F08000B0629CE73E
:10097000BDE8F1832DE9F041040021482100C9B20E
:1009800050F82100DFF898142200D2B251F822501A
:10099000066816F07F06761C2F6BA86A07403F0C8E
:1009A0003F04212E01D32026FFE75FF0100823E04B
:1009B000A86A012111FA08F18843A86216E03800FC
:1009C00030FA08F0C00711D54C21DFF86024200070
:1009D000C0B24843104440680028E9D04046230094
:1009E000DBB201FB03F1114449688847012010FA8A
:1009F00008F0286318F10108B045E0D3BDE8F081A4
:100A0000C89900002DE9F0410400DFF82804210016
:100A1000C9B250F82100DFF808142200D2B251F810
:100A20002250066816F07F06761CEF6A686A074057
:100A3000BFB2312E01D33026FFE75FF0200827E058
:100A4000696A0122B8F1200082409143696218E08E
:100A5000B8F120003900C140C80712D54C21DFF899
:100A6000CC232000C0B24843104480680028E7D05F
:100A70004046C0B22300DBB201FB03F11144896898
:100A800088470121B8F120008140E96218F101088E
:100A90004046C0B2B042DBD3BDE8F0812DE9F04161
:100AA0000400DFF890032100C9B250F82100DFF8FC
:100AB00070132200D2B251F82250066816F07F0659
:100AC000761CEF6A686A07403F0C3F04412E01D351
:100AD0004026FFE75FF0300826E0696A012218F13E
:100AE000E00082409143696217E018F1E0003900AC
:100AF000C140C80711D54C21DFF830232000C0B217
:100B000048431044C0680028E7D040462300DBB2C9
:100B100001FB03F11144C9688847012118F1E00085
:100B20008140E96218F10108B045DED3BDE8F081EB
:100B3000404B4C002DE9F8430400DFF8F802210097
:100B4000C9B250F82150B6482100C9B250F821600E
:100B5000D5F8008018F07F0818F10108D6F8309019
:100B6000B06A10EA0909B8F1210F02D35FF020083A
:100B7000FFE7002719E0B06A0121B9408843B0625D
:100B80000FE04C21DFF8A4222000C0B248431058E7
:100B90000028F0D038002300DBB201FB03F15158EC
:100BA00088470120B84030637F1C47455ED24846E5
:100BB000F840C007F8D52868C0F34070002803D07B
:100BC000082F01D2012000E00020C0B20028D8D0B8
:100BD000052F17D14C21DFF854222000C0B2484322
:100BE0001044C06A002808D02000C0B201FB00F108
:100BF00002EB0100C06A8047D3E7B06A30F0200002
:100C0000B062CEE7062F17D14C21DFF8202220005A
:100C1000C0B248431044006B002808D02000C0B286
:100C200001FB00F102EB0100006B8047B9E7B06AFD
:100C300030F04000B062B4E7072FB2D14C21DFF8AA
:100C4000EC212000C0B248431044406B002808D07B
:100C50002000C0B201FB00F102EB0100406B8047B5
:100C60009FE7B06A30F08000B0629AE7BDE8F18398
:100C70002DE9F0410400DFF8BC012100C9B250F8B1
:100C8000210067492200D2B251F82250066816F0BE
:100C90007F06761CEF6A686A0740412E01D3402622
:100CA000FFE75FF0200826E0696A012218F1E00002
:100CB00082409143696217E018F1E0003900C140B9
:100CC000C80711D54C21DFF864212000C0B2484389
:100CD000104440680028E7D040462300DBB201FB07
:100CE00003F1114449688847012118F1E00081406F
:100CF000E96218F10108B045DED3BDE8F0812DE9C5
:100D0000F0410400DFF82C012100C9B250F82100A5
:100D100043492200D2B251F82250066816F07F06ED
:100D2000761C6F6FE86E0740612E01D36026FFE7E7
:100D30005FF0400827E0E96E0122B8F140008240F0
:100D40009143E96618E0B8F140003900C140C80796
:100D500012D54C21DFF8D4202000C0B24843104403
:100D600080680028E7D04046C0B22300DBB201FB18
:100D700003F11144896888470121B8F1400081409E
:100D8000696718F101084046C0B2B042DBD3BDE844
:100D9000F0812DE9F0410400DFF898002100C9B28C
:100DA00050F821001E492200D2B251F822500668A4
:100DB00016F07F06761C2F6FA86E0740802E01D399
:100DC0008026FFE75FF0600825E0A96E012218F198
:100DD000A00082409143A96616E018F1A0003900F6
:100DE000C140C80710D54C21104A2000C0B248436A
:100DF0001044C0680028E8D040462300DBB201FB65
:100E000003F11144C9688847012118F1A00081400D
:100E1000296718F10108B045DFD3BDE8F081000073
:100E2000E8990000840B002004000800380400202A
:100E3000640B0020C89900002DE9F84F05008B468F
:100E400016001F00DFF844052900C9B250F82180C0
:100E5000DFF83C052900C9B250F82190D8F800000D
:100E6000C0F300645FF0000A002C07D12800C0B274
:100E7000FFF780FA002801D05FF0010A5046C0B2A7
:100E8000002840F07E825846C0B200286AD002286E
:100E900000F0A58066D3042800F0EA80C0F09F80AF
:100EA000062800F02281C0F0E380082800F05A8173
:100EB000C0F058810A2800F07081C0F053810C28DE
:100EC00000F06B81C0F069810E2800F08D81C0F0C8
:100ED0008B81102800F0A38180F049820A9A0B9937
:100EE0000C98F6B2002E1CD1D9F828301F43C9F84F
:100EF0002870D9F824301A43C9F824202A00D2B225
:100F0000062A03D02A00D2B2072A2AD1D9F86C20A7
:100F10001143C9F86C10D9F868100843C9F8680083
:100F20001FE0D9F8283033EA0707C9F82870D9F844
:100F3000243033EA0202C9F824202A00D2B2062A59
:100F400003D02A00D2B2072A0BD1D9F86C2032EA9A
:100F50000101C9F86C10D9F8681031EA0000C9F82D
:100F6000680004E2F6B2002E1CD1DFF82814280035
:100F7000C0B251F82020DFF820045B46DBB250F805
:100F8000230002432800C0B241F82020D9F8041001
:100F9000DFF808045FFA8BFB50F82B000143C9F817
:100FA00004101BE0D9F80410DFF8F0035A46D2B25F
:100FB00050F822008143C9F80410DFF8D813280044
:100FC000C0B251F82020DFF8D0035FFA8BFB50F855
:100FD0002B0082432800C0B241F82020C7E1F6B2BE
:100FE000002E22D1D8F8000050F40010C8F80000FC
:100FF000DFF8A0132800C0B251F82020DFF89803D2
:101000005B46DBB250F8230002432800C0B241F82F
:101010002020D9F80410DFF884035FFA8BFB50F826
:101020002B000143C9F8041021E0D8F8000030F487
:101030000010C8F80000D9F80410DFF860035A4621
:10104000D2B250F822008143C9F80410DFF84413EB
:101050002800C0B251F82020DFF83C035FFA8BFB78
:1010600050F82B0082432800C0B241F820207EE1D6
:10107000F6B2002E1CD1DFF81C132800C0B251F8C4
:101080002020DFF814035B46DBB250F82300024354
:101090002800C0B241F82020D9F83410DFF8FC0253
:1010A0005FFA8BFB50F82B000143C9F834101BE0AA
:1010B000D9F83410DFF8E4025A46D2B250F82200D0
:1010C0008143C9F83410DFF8CC122800C0B251F8BF
:1010D0002020DFF8C4025FFA8BFB50F82B0082431C
:1010E0002800C0B241F8202041E1F6B2002E1CD108
:1010F000DFF8A0122800C0B251F82020DFF89802D3
:101100005B46DBB250F8230002432800C0B241F82E
:101110002020D9F80010DFF884025FFA8BFB50F82A
:101120002B000143C9F800101BE0D9F80010DFF8CC
:101130006C025A46D2B250F822008143C9F800101E
:10114000DFF850122800C0B251F82020DFF8480222
:101150005FFA8BFB50F82B0082432800C0B241F8A5
:10116000202004E1F6B2002E0BD1D9F82810DFF8C8
:101170002C025FFA8BFB50F82B000143C9F82810B2
:101180000AE0D9F82810DFF814025FFA8BFB50F858
:101190002B008143C9F82810E9E018F134000168F8
:1011A00051F00051016018F52E60016821F00041F6
:1011B0000160F6B2002E0BD1D9F8E01ADFF8DC019D
:1011C0005FFA8BFB50F82B000143C9F8E01A0AE0E4
:1011D000D9F8E01ADFF8C4015FFA8BFB50F82B0056
:1011E0008143C9F8E01AC2E0F6B2002E0BD1D9F85B
:1011F000001BDFF8A8015FFA8BFB50F82B000143BE
:10120000C9F8001B0AE0D9F8001BDFF890015FFA6B
:101210008BFB50F82B008143C9F8001BA7E0F6B206
:10122000002E51D1DFF87801DFF868112A00D2B220
:1012300041F82200D9F828005FF0FF30C9F82800F3
:10124000D9F82410C9F824002900C9B2062903D00E
:101250002900C9B2072907D1D9F86C10C9F86C0068
:10126000D9F86810C9F86800D9F8040050F44C4067
:10127000C9F80400D9F8340050F04040C9F83400EF
:1012800018F13400016851F00051016018F52E602A
:10129000016821F000410160D9F8E00A50F45020C3
:1012A000C9F8E00A4046016851F080610160D8F851
:1012B000000050F40010C8F80000D9F8000B50F4FA
:1012C0004030C9F8000B51E0D9F828000020C9F8D7
:1012D0002800D9F824000020C9F824002800C0B252
:1012E000062803D02800C0B2072809D1D9F86C001D
:1012F0000020C9F86C00D9F868000020C9F868001F
:10130000D9F8040030F44C40C9F80400D9F834008E
:1013100020F04040C9F8340018F13400016851F061
:101320000051016018F52E60016821F00041016054
:10133000D9F8E00A30F45020C9F8E00A40460168C4
:1013400031F080610160D8F8000030F40010C8F876
:101350000000D9F8000B30F44030C9F8000B002031
:10136000DFF830102A00D2B241F82200FFE7002C4B
:1013700007D12800C0B2FFF73DF8002801D05FF088
:10138000010A5046C0B2BDE8F28F0000C8990000C3
:10139000E8990000840B0020AC9700002C98000016
:1013A00007001B0080B50020FFF748F8BFF34F8F00
:1013B00001BD000080B50020FFF797F8BFF34F8F05
:1013C00001BD000080B50020FFF7B5F8BFF34F8FD7
:1013D00001BD000080B50020FFF7D3F8BFF34F8FA9
:1013E00001BD000080B50020FFF700F9BFF34F8F6B
:1013F00001BD000080B50020FFF72EF9BFF34F8F2D
:1014000001BD000080B50020FFF779F9BFF34F8FD1
:1014100001BD000080B50020FFF796F9BFF34F8FA4
:1014200001BD000080B50020FFF706FABFF34F8F23
:1014300001BD000080B50020FFF79CFABFF34F8F7D
:1014400001BD000080B50020FFF7DCFABFF34F8F2D
:1014500001BD000080B50020FFF720FBBFF34F8FD8
:1014600001BD000080B50120FEF7E8FFBFF34F8FFC
:1014700001BD000080B50120FFF737F8BFF34F8FA3
:1014800001BD000080B50120FFF755F8BFF34F8F75
:1014900001BD000080B50120FFF773F8BFF34F8F47
:1014A00001BD000080B50120FFF7A0F8BFF34F8F0A
:1014B00001BD000080B50120FFF7CEF8BFF34F8FCC
:1014C00001BD000080B50120FFF719F9BFF34F8F70
:1014D00001BD000080B50120FFF736F9BFF34F8F43
:1014E00001BD000080B50120FFF7A6F9BFF34F8FC3
:1014F00001BD000080B50120FFF73CFABFF34F8F1C
:1015000001BD000080B50120FFF77CFABFF34F8FCB
:1015100001BD000080B50120FFF7C0FABFF34F8F77
:1015200001BD000080B50220FEF788FFBFF34F8F9A
:1015300001BD000080B50220FEF7D7FFBFF34F8F3B
:1015400001BD000080B50220FEF7F5FFBFF34F8F0D
:1015500001BD000080B50220FFF713F8BFF34F8FE5
:1015600001BD000080B50220FFF740F8BFF34F8FA8
:1015700001BD000080B50220FFF76EF8BFF34F8F6A
:1015800001BD000080B50220FFF7B9F8BFF34F8F0F
:1015900001BD000080B50220FFF7D6F8BFF34F8FE2
:1015A00001BD000080B50220FFF746F9BFF34F8F61
:1015B00001BD000080B50220FFF7DCF9BFF34F8FBB
:1015C00001BD000080B50220FFF71CFABFF34F8F6A
:1015D00001BD000080B50220FFF760FABFF34F8F16
:1015E00001BD000080B50320FEF728FFBFF34F8F39
:1015F00001BD000080B50320FEF777FFBFF34F8FDA
:1016000001BD000080B50320FEF795FFBFF34F8FAB
:1016100001BD000080B50320FEF7B3FFBFF34F8F7D
:1016200001BD000080B50320FEF7E0FFBFF34F8F40
:1016300001BD000080B50320FFF70EF8BFF34F8F08
:1016400001BD000080B50320FFF759F8BFF34F8FAD
:1016500001BD000080B50320FFF776F8BFF34F8F80
:1016600001BD000080B50320FFF7E6F8BFF34F8F00
:1016700001BD000080B50320FFF77CF9BFF34F8F59
:1016800001BD000080B50320FFF7BCF9BFF34F8F09
:1016900001BD000080B50320FFF700FABFF34F8FB4
:1016A00001BD000080B50420FEF7C8FEBFF34F8FD8
:1016B00001BD000080B50420FEF717FFBFF34F8F78
:1016C00001BD000080B50420FEF735FFBFF34F8F4A
:1016D00001BD000080B50420FEF753FFBFF34F8F1C
:1016E00001BD000080B50420FEF780FFBFF34F8FDF
:1016F00001BD000080B50420FEF7AEFFBFF34F8FA1
:1017000001BD000080B50420FEF7F9FFBFF34F8F45
:1017100001BD000080B50420FFF716F8BFF34F8F1E
:1017200001BD000080B50420FFF786F8BFF34F8F9E
:1017300001BD000080B50420FFF71CF9BFF34F8FF7
:1017400001BD000080B50420FFF75CF9BFF34F8FA7
:1017500001BD000080B50420FFF7A0F9BFF34F8F53
:1017600001BD000080B50520FEF768FEBFF34F8F76
:1017700001BD000080B50520FEF7B7FEBFF34F8F17
:1017800001BD000080B50520FEF7D5FEBFF34F8FE9
:1017900001BD000080B50520FEF7F3FEBFF34F8FBB
:1017A00001BD000080B50520FEF720FFBFF34F8F7D
:1017B00001BD000080B50520FEF74EFFBFF34F8F3F
:1017C00001BD000080B50520FEF799FFBFF34F8FE4
:1017D00001BD000080B50520FEF7B6FFBFF34F8FB7
:1017E00001BD000080B50520FFF726F8BFF34F8F3D
:1017F00001BD000080B50520FFF7BCF8BFF34F8F97
:1018000001BD000080B50520FFF7FCF8BFF34F8F46
:1018100001BD000080B50520FFF740F9BFF34F8FF1
:1018200001BD000080B50620FEF708FEBFF34F8F14
:1018300001BD000080B50620FEF757FEBFF34F8FB5
:1018400001BD000080B50620FEF775FEBFF34F8F87
:1018500001BD000080B50620FEF793FEBFF34F8F59
:1018600001BD000080B50620FEF7C0FEBFF34F8F1C
:1018700001BD000080B50620FEF7EEFEBFF34F8FDE
:1018800001BD000080B50620FEF739FFBFF34F8F82
:1018900001BD000080B50620FEF756FFBFF34F8F55
:1018A00001BD000080B50620FFF744F9BFF34F8F5C
:1018B00001BD000080B50620FFF7DAF9BFF34F8FB6
:1018C00001BD000080B50620FFF719FABFF34F8F66
:1018D00001BD000080B50620FFF75BFABFF34F8F14
:1018E00001BD000080B50720FEF7A8FDBFF34F8FB4
:1018F00001BD000080B50720FEF7F7FDBFF34F8F55
:1019000001BD000080B50720FEF715FEBFF34F8F25
:1019100001BD000080B50720FEF733FEBFF34F8FF7
:1019200001BD000080B50720FEF760FEBFF34F8FBA
:1019300001BD000080B50720FEF78EFEBFF34F8F7C
:1019400001BD000080B50720FEF7D9FEBFF34F8F21
:1019500001BD000080B50720FEF7F6FEBFF34F8FF4
:1019600001BD000080B50720FFF7E4F8BFF34F8FFB
:1019700001BD000080B50720FFF77AF9BFF34F8F54
:1019800001BD000080B50720FFF7B9F9BFF34F8F05
:1019900001BD000080B50720FFF7FBF9BFF34F8FB3
:1019A00001BDF0B40246106895681318506803EB47
:1019B0005004C00748BF4D44A3422DD013F8016B1B
:1019C00016F0030004BF13F8010BC01C31090F29E6
:1019D00007D113F8011B0F3103E013F8017B05F861
:1019E000017B401EF9D10029E6D013F8010BC6F3A4
:1019F0008106032E08BF13F8016B00EB062040425E
:101A000028440026B71E8F421EBF10F8017B05F840
:101A1000017B761CF6D1CFE7F0BC02F10C007047D9
:101A20002DE9F041040000200020DFF8A40A210085
:101A3000C9B250F82150DFF89C0A2100C9B250F811
:101A40002160AF6BDFF8900A406C07405FF0000840
:101A500031E001224146C9B22000C0B200F06AFF65
:101A600027E0380030FA08F0C00722D506EB8800DE
:101A7000C06BC0F3001000281BD005EB8800C06BC2
:101A800030F0200005EB8801C863DFF80C1B44220E
:101A90002000C0B25043084450F828000028D8D095
:101AA0002000C0B202FB00F201EB020050F8280057
:101AB000804718F10108B8F1080FD2D3BFF34F8F58
:101AC000BDE8F08180B50021DFF8041A0200D2B22F
:101AD00051F82230D3F89010DFF8FC29126C114035
:101AE00000291AD0D3F8901031F03001C3F89010CB
:101AF0004422DFF8A43A0100C9B251431944096CE9
:101B0000002905D0C0B250431844006C804704E05F
:101B100001221021C0B200F00DFFBFF34F8F01BDB5
:101B2000F8B504000020DFF8A8092100C9B250F878
:101B30002150DFF8A469AF6B706C0740306B07422F
:101B40001CD0A86B30F48050A863DFF84C1A4422F4
:101B50002000C0B250430844006B002808D0200089
:101B6000C0B202FB00F201EB0200006B804705E00F
:101B700001220C212000C0B200F0DCFE706B074295
:101B80001CD0A86B30F40050A863DFF80C1A442274
:101B90002000C0B250430844406B002808D0200009
:101BA000C0B202FB00F201EB0200406B804705E08F
:101BB00001220D212000C0B200F0BCFEB06B074234
:101BC0001CD0A86B30F48040A863DFF8CC19442205
:101BD0002000C0B250430844806B002808D0200089
:101BE000C0B202FB00F201EB0200806B804705E00F
:101BF00001220E212000C0B200F09CFEF06B0742D3
:101C00001AD0A86B30F40040A863DFF88C19442286
:101C10002000C0B250430844C06B002806D0E4B294
:101C2000544301EB0400C06B804705E001220F2103
:101C30002000C0B200F07EFEBFF34F8FF1BD000068
:101C4000F8B504000020DFF888082100C9B250F878
:101C50002150DFF88468AF6B706C0740306A074230
:101C60001CD0A86B30F48070A863DFF82C194422D4
:101C70002000C0B250430844006A002808D0200069
:101C8000C0B202FB00F201EB0200006A804705E0EF
:101C9000012208212000C0B200F04CFE706A074209
:101CA0001CD0A86B30F40070A863DFF8EC18442255
:101CB0002000C0B250430844406A002808D02000E9
:101CC000C0B202FB00F201EB0200406A804705E06F
:101CD000012209212000C0B200F02CFEB06A0742A8
:101CE0001CD0A86B30F48060A863DFF8AC184422E5
:101CF0002000C0B250430844806A002808D0200069
:101D0000C0B202FB00F201EB0200806A804705E0EE
:101D100001220A212000C0B200F00CFEF06A074246
:101D20001AD0A86B30F40060A863DFF86C18442266
:101D30002000C0B250430844C06A002806D0E4B274
:101D4000544301EB0400C06A804705E001220B21E7
:101D50002000C0B200F0EEFDBFF34F8FF1BD80B5A3
:101D60000020FFF75DFE01BD80B50020FFF7AAFE51
:101D700001BD80B50020FFF7D3FE01BD80B5002076
:101D8000FFF75EFF01BD80B50120FFF749FE01BDF1
:101D900080B50120FFF796FE01BD80B50120FFF759
:101DA000BFFE01BD80B50120FFF74AFF01BDDFF88E
:101DB0002417C0B251F820003430016851F080413E
:101DC0000160704781B0DFF80C17C0B251F82000F5
:101DD000416B890F11F001018DF800109DF8001082
:101DE000012904D13830016851F48031016001B01B
:101DF000704770B504000E0015002000C0B2FFF758
:101E0000E1FFDFF8D0062100C9B250F8210001003F
:101E10000A6866F301020A60016865F384010160E3
:101E20002000C0B2FFF7C3FF70BD38B504000D003D
:101E30002000C0B2FFF7C6FFDFF894062100C9B248
:101E400050F82100416B4FF4805212FA05F50D4312
:101E500045632000C0B2FFF7AAFF31BD10B50400F2
:101E60002000C0B2FFF7AEFFDFF868062100C9B25C
:101E700050F8210010F134010A6852F000420A6063
:101E800010F134010A6832F480520A6010F1340112
:101E90000A6832F400520A6010F134010A6832F420
:101EA00080420A603430016831F400410160200052
:101EB000C0B2FFF77CFF10BD70B504000D00160026
:101EC0002000C0B2FFF77EFFDFF804062100C9B290
:101ED00050F82100416BF6B2002E07D14FF480720A
:101EE00012FA05F531EA0505456305E04FF4807205
:101EF00012FA05F50D4345632000C0B2FFF757FF06
:101F000070BDDFF8D035C0B253F82000C9B200EB85
:101F100081001430016862F30F010160704770B5F1
:101F200004000E0015002000C0B2FFF74BFFDFF8E1
:101F3000A4052100C9B250F82100F6B200EB8600DA
:101F40002430016865F30B0101602000C0B2FFF787
:101F50002EFF70BDDFF87825C0B252F82000426B2A
:101F6000012313FA01F1114341637047DFF8602543
:101F7000C0B252F82000426B012313FA01F132EA99
:101F8000010141637047DFF84C35C0B253F82000BF
:101F9000C9B200EB81003C30D2B2016862F3861115
:101FA0000160704770B504000E0015002000C0B23B
:101FB000FFF708FFDFF81C052100C9B250F8210027
:101FC000F6B200EB86003C30EDB2016865F300012B
:101FD00001602000C0B2FFF7EAFE70BDDFF8F43404
:101FE000C0B253F82000C9B200EB81005C30016838
:101FF00062F30F010160704770B504000D00160018
:102000002000C0B2FFF7DEFEDFF8C4042100C9B231
:1020100050F82100C16FF6B2002E07D14FF4807244
:1020200012FA05F531EA0505C56705E04FF480723F
:1020300012FA05F50D43C5672000C0B2FFF7B7FEE1
:1020400070BD70B504000D0016002000C0B2FFF78F
:10205000B9FEDFF87C042100C9B250F82100C16F3D
:10206000F6B2002E06D1012212FA05F531EA050575
:10207000C56704E0012212FA05F50D43C56720008B
:10208000C0B2FFF794FE70BDDFF84434C0B253F81D
:102090002000D0F88030D2B2002A07D1012212FAF3
:1020A00001F133EA0101C0F8801005E0012212FAC3
:1020B00001F11943C0F880107047DFF81824C0B24E
:1020C00052F820008030C9B2026861F30822026031
:1020D000704770B504000D0016002000C0B2FFF775
:1020E00071FEDFF8EC032100C9B250F82100D0F8EE
:1020F0008810F6B2002E08D14022ED0012FA05F544
:1021000031EA0505C0F8885006E04022ED0012FAD9
:1021100005F50D43C0F888502000C0B2FFF747FE18
:1021200070BD70B504000E0015002000C0B2FFF7AE
:1021300049FEDFF8A0032100C9B250F82100F6B231
:10214000002E05D0022E25D013D3032E33D043E02A
:1021500010F188012A00D2B20B6862F304130B60FD
:102160008830EDB26D08EDB2016865F3451101608C
:1021700032E010F188012A00D2B20B6862F30C330E
:102180000B608830EDB26D08EDB2016865F34D313A
:10219000016021E010F188012A00D2B20B6862F3DD
:1021A00014530B608830EDB26D08EDB2016865F331
:1021B0005551016010E010F188012A00D2B20B687D
:1021C00062F31C730B608830EDB26D08EDB20168EC
:1021D00065F35D710160FFE72000C0B2FFF7E7FD26
:1021E00070BD70B504000E0015002000C0B2FFF7EE
:1021F000E9FDB8482100C9B250F82100F6B2002E1E
:1022000005D0022E11D009D3032E15D01BE0883043
:10221000EDB2016865F3C301016014E08830EDB2EE
:10222000016865F3CB2101600DE08830EDB20168F3
:1022300065F3D341016006E08830EDB2016865F3D3
:10224000DB610160FFE72000C0B2FFF7B0FD70BDA9
:10225000A04BC0B253F82000C9B2002905D0022912
:1022600011D009D3032915D01BE08830D2B2016800
:1022700062F38201016014E08830D2B2016862F337
:102280008A2101600DE08830D2B2016862F3924188
:10229000016006E08830D2B2016862F39A610160A1
:1022A000FFE7704770B504000E0015002000C0B2B3
:1022B000FFF788FD87482100C9B250F82100F6B227
:1022C000002E05D0022E11D009D3032E15D01BE00D
:1022D0008830EDB2016865F34101016014E0883097
:1022E000EDB2016865F3492101600DE08830EDB27F
:1022F000016865F35141016006E08830EDB2016884
:1023000065F359610160FFE72000C0B2FFF74FFDA0
:1023100070BD70B504000E0015002000C0B2FFF7BC
:1023200051FD6C482100C9B250F82100F6B2002ED0
:1023300005D0022E11D009D3032E15D01BE0883012
:10234000EDB2016865F30001016014E08830EDB280
:10235000016865F3082101600DE08830EDB2016885
:1023600065F31041016006E08830EDB2016865F365
:1023700018610160FFE72000C0B2FFF718FD70BDD3
:10238000544AC0B252F820008C30026861F3134204
:102390000260704770B504000E0015002000C0B246
:1023A000FFF710FD4B482100C9B250F82100F6B2EA
:1023B000002E05D0022E11D009D3032E15D01BE01C
:1023C0008C30EDB2016865F30001016014E08C30DF
:1023D000EDB2016865F3410101600DE08C30EDB2B2
:1023E000016865F38201016006E08C30EDB201689E
:1023F00065F3C3010160FFE72000C0B2FFF7D7FC1F
:1024000070BD38B504000D002000C0B2FFF7DAFC43
:1024100030482100C9B250F821008C30EDB201687B
:1024200065F3145101602000C0B2FFF7C0FC31BD5C
:1024300038B504000D002000C0B2FFF7C3FC2548EA
:102440002100C9B250F821008C30EDB2016865F36B
:102450004D3101602000C0B2FFF7A9FC31BD70B55D
:1024600004000E0015002000C0B2FFF7ABFC1948B5
:102470002100C9B250F82100F6B2002E05D0022E7C
:1024800011D009D3032E15D01BE08C30EDB20168BA
:1024900065F30821016014E08C30EDB2016865F34A
:1024A000492101600DE08C30EDB2016865F38A21AD
:1024B000016006E08C30EDB2016865F3CB2101606C
:1024C000FFE72000C0B2FFF772FC70BD0000000003
:1024D000649D00005C9D00002097000070B5040022
:1024E0000E0015002000C0B2FFF76CFCDFF8D0082A
:1024F0002100C9B250F82100F6B2002E05D0022EFC
:1025000011D009D3032E15D01BE08C30EDB2016839
:1025100065F30411016014E08C30EDB2016865F3DD
:10252000451101600DE08C30EDB2016865F3861154
:10253000016006E08C30EDB2016865F3C7110160FF
:10254000FFE72000C0B2FFF732FC70BD70B5040099
:102550000D0016002000C0B2FFF734FCDFF864085D
:102560002100C9B250F82100D0F89410F6B2002E24
:1025700007D1012212FA05F531EA0505C0F8945099
:1025800005E0012212FA05F50D43C0F89450200031
:10259000C0B2FFF70CFC70BD3808002070B5040015
:1025A0000D0016002000C0B2FFF70CFCDFF8140885
:1025B0002100C9B250F82100D0F89810F6B2002ED0
:1025C00007D1012212FA05F531EA0505C0F8985045
:1025D00005E0012212FA05F50D43C0F898502000DD
:1025E000C0B2FFF7E4FB70BDF8B504000D002E7813
:1025F0007600771C2A7929782000C0B2FFF791FD78
:102600006A7929782000C0B2FFF7EBFDA87901288C
:1026100006D13100C9B22000C0B2FFF79BFC05E033
:102620003100C9B22000C0B2FFF7A0FCE879012850
:1026300006D13900C9B22000C0B2FFF78BFC05E01B
:102640003900C9B22000C0B2FFF790FC6A7A3100AD
:10265000C9B22000C0B2FFF7A5FC2A7A3100C9B286
:102660002000C0B2FFF7EDFC2A7A3900C9B2200081
:10267000C0B2FFF7E6FC6A893100C9B22000C0B2DF
:10268000FFF7ACFCAA893900C9B22000C0B2FFF73D
:10269000A5FCAA7B3100C9B22000C0B2FFF7ACFC98
:1026A000EA7B3900C9B22000C0B2FFF7A5FC2A7C42
:1026B0003100C9B22000C0B2FFF7E6FC6A7C3900E5
:1026C000C9B22000C0B2FFF7DFFCE87C01281BD1B3
:1026D0006A7D3100C9B22000C0B2FFF737FFEA7D42
:1026E0003100C9B22000C0B2FFF758FFAA7D3900FF
:1026F000C9B22000C0B2FFF729FF2A7E3900C9B253
:102700002000C0B2FFF74AFF012229782000C0B2A2
:10271000FFF7DFFC6A8829782000C0B2FFF7FFFBD3
:10272000EA7C29782000C0B2FFF7F3FDAA7C297863
:102730002000C0B2FFF7B6FD2A7D29782000C0B284
:10274000FFF786FDF1BD70B504000D00160071683D
:102750002000C0B2FFF748FFB2782900C9B22000BC
:10276000C0B2FFF7A9FB32882900C9B22000C0B26D
:10277000FFF7C7FB70BD70B504000D00697820003D
:10278000C0B2FFF7FDFDA9782000C0B2FFF739FE07
:10279000E9782000C0B2FFF74BFE00262DE0686804
:1027A0003100C9B200EB8100827868683100C9B29B
:1027B00010F821102000C0B2FFF7ECFD686831006E
:1027C000C9B200EB8100C27868683100C9B210F864
:1027D00021102000C0B2FFF742FE68683100C9B284
:1027E00000EB8100427868683100C9B210F821100E
:1027F0002000C0B2FFF772FE761C30002978C0B20C
:102800008842CCD370BDDFF8B835C0B253F8200091
:10281000C9B2002905D0022911D009D3032915D046
:102820001BE0A030D2B2016862F30411016014E031
:10283000A030D2B2016862F3451101600DE0A03012
:10284000D2B2016862F38611016006E0A030D2B214
:10285000016862F3C7110160FFE77047DFF8603578
:10286000C0B253F82000C9B2002905D0022911D006
:1028700009D3032915D01BE0A030D2B2016862F35E
:102880000001016014E0A030D2B2016862F341019E
:1028900001600DE0A030D2B2016862F382010160F4
:1028A00006E0A030D2B2016862F3C3010160FFE725
:1028B0007047DFF80C35C0B253F82000C9B20029C8
:1028C00005D002290FD008D3032912D017E0A43075
:1028D000016862F30401016011E0A430016862F351
:1028E0000C2101600BE0A430016862F31441016027
:1028F00005E0A430016862F31C610160FFE77047E6
:1029000070B504000D00160032782900C9B220000D
:10291000C0B2FFF778FF72782900C9B22000C0B2B8
:10292000FFF79CFFB2782900C9B22000C0B2FFF7C0
:10293000C0FF70BD10B4DFF88834C0B253F8203047
:10294000D2B2002A01D1012000E00020C9B2002942
:102950001CD002292AD021D3042937D02ED306290E
:1029600044D03BD3082951D048D30A295ED055D34F
:102970000C296BD062D30E2978D06FD3102900F0C8
:1029800085807BD3112900F089800FE113F13C0190
:10299000C0B20A6860F304120A6007E113F1400153
:1029A000C0B20A6860F304120A60FFE013F1440148
:1029B000C0B20A6860F304120A60F7E013F148013C
:1029C000C0B20A6860F304120A60EFE013F14C0130
:1029D000C0B20A6860F304120A60E7E013F1500124
:1029E000C0B20A6860F304120A60DFE013F1540118
:1029F000C0B20A6860F304120A60D7E013F158010C
:102A0000C0B20A6860F304120A60CFE013F1340127
:102A1000C0B20A6860F310420A60C7E013F13401E3
:102A2000C0B20A6860F351420A60BFE013F134019A
:102A3000C0B20A6860F392420A60B7E013F1340151
:102A4000C0B20A6860F3D3420A60AFE013F1340108
:102A5000C0B20A6860F314520A60A7E013F13401AF
:102A6000C0B20A6860F355520A609FE013F1340166
:102A7000C0B20A6860F396520A6097E013F134011D
:102A8000C0B20A6860F3D7520A608FE013F18C017C
:102A9000C0B20A6860F30C320A6087E013F13C01AF
:102AA0000200D2B20C6862F304140C6013F140010E
:102AB0000200D2B20C6862F304140C6013F14401FA
:102AC0000200D2B20C6862F304140C6013F14801E6
:102AD0000200D2B20C6862F304140C6013F14C01D2
:102AE0000200D2B20C6862F304140C6013F15001BE
:102AF0000200D2B20C6862F304140C6013F15401AA
:102B00000200D2B20C6862F304140C6013F1580195
:102B10000200D2B20C6862F304140C6013F13401A9
:102B20000200D2B20C6862F310440C6013F134015D
:102B30000200D2B20C6862F351440C6013F134010C
:102B40000200D2B20C6862F392440C6013F13401BB
:102B50000200D2B20C6862F3D3440C6013F134016A
:102B60000200D2B20C6862F314540C6013F1340109
:102B70000200D2B20C6862F355540C6013F13401B8
:102B80000200D2B20C6862F396540C6013F1340167
:102B90000200D2B20C6862F3D7540C6013F18C01BE
:102BA000C0B20A6860F30C320A60FFE710BC7047DD
:102BB000DFF80C22C0B252F82000C9B200291AD0A6
:102BC000022924D01DD304292DD026D3062936D09E
:102BD0002FD308293FD038D30A2948D041D30C2914
:102BE00051D04AD30E295AD053D3102963D05CD385
:102BF00011296CD0D7E03C30016831F02001016030
:102C0000D1E04030016831F020010160CBE0443078
:102C1000016831F020010160C5E04830016831F001
:102C200020010160BFE04C30016831F020010160FB
:102C3000B9E05030016831F020010160B3E0543058
:102C4000016831F020010160ADE05830016831F0D9
:102C500020010160A7E03830016831F48071016023
:102C6000A1E03830016831F4007101609BE0383038
:102C7000016831F48061016095E03830016831F419
:102C8000006101608FE03830016831F480510160EB
:102C900089E03830016831F40051016083E0383058
:102CA000016831F4804101607DE03830016831F421
:102CB0000041016077E010F190010A6832F01002E3
:102CC0000A609030016831F0200101606BE010F182
:102CD0003C010A6832F020020A6010F140010A68E3
:102CE00032F020020A6010F144010A6832F020023A
:102CF0000A6010F148010A6832F020020A6010F1FF
:102D00004C010A6832F020020A6010F150010A6892
:102D100032F020020A6010F154010A6832F02002F9
:102D20000A6010F158010A6832F020020A6010F1BE
:102D300038010A6832F480720A6010F138010A68BA
:102D400032F400720A6010F138010A6832F48062CD
:102D50000A6010F138010A6832F400620A6010F16A
:102D600038010A6832F480520A6010F138010A68AA
:102D700032F400520A6010F138010A6832F48042DD
:102D80000A6010F138010A6832F400420A6010F15A
:102D900090010A6832F010020A609030016831F048
:102DA00020010160FFE7704710B4074CC0B2442314
:102DB00058432044C9B240F8212010BC704700009D
:102DC0005C9D0000649D00003808002000000000A9
:102DD00019000000320000004B00000064000000F9
:102DE0007D00000096000000AF000000C900000058
:102DF000E2000000FB000000140100002D010000B3
:102E0000460100005F01000078010000920100000F
:102E1000AB010000C4010000DD010000F60100006C
:102E20000F02000028020000410200005B020000C7
:102E3000740200008D020000A6020000BF02000024
:102E4000D8020000F10200000A0300002303000082
:102E50003D030000560300006F03000088030000DC
:102E6000A1030000BA030000D3030000EC0300003C
:102E7000050400001E040000370400005104000097
:102E80006A040000830400009C040000B5040000F4
:102E9000CE040000E7040000000500001905000052
:102EA000320500004B050000640500007D050000B0
:102EB00096050000AF050000C8050000E105000010
:102EC000FA050000130600002C060000450600006D
:102ED0005E0600007706000090060000A9060000CC
:102EE000C2060000DB060000F40600000D0700002B
:102EF000260700003F070000580700007107000088
:102F00008A070000A3070000BC070000D5070000E7
:102F1000EE07000007080000200800003908000044
:102F2000520800006B080000840800009C080000A4
:102F3000B5080000CE080000E70800000009000006
:102F400019090000320900004B0900006409000063
:102F50007C09000095090000AE090000C7090000C7
:102F6000E0090000F9090000110A00002A0A000027
:102F7000430A00005C0A0000750A00008D0A000088
:102F8000A60A0000BF0A0000D80A0000F10A0000EB
:102F9000090B0000220B00003B0B0000540B00004B
:102FA0006C0B0000850B00009E0B0000B60B0000B0
:102FB000CF0B0000E80B0000010C0000190C000012
:102FC000320C00004B0C0000630C00007C0C000075
:102FD000950C0000AD0C0000C60C0000DE0C0000DB
:102FE000F70C0000100D0000280D0000410D00003E
:102FF000590D0000720D00008B0D0000A30D0000A4
:10300000BC0D0000D40D0000ED0D0000050E000009
:103010001E0E0000360E00004F0E0000670E00006E
:10302000800E0000980E0000B10E0000C90E0000D6
:10303000E20E0000FA0E0000120F00002B0F00003D
:10304000430F00005C0F0000740F00008C0F0000A5
:10305000A50F0000BD0F0000D60F0000EE0F00000E
:10306000061000001F100000371000004F10000075
:10307000681000008010000098100000B0100000E0
:10308000C9100000E1100000F9100000111100004B
:103090002A110000421100005A11000072110000B4
:1030A0008A110000A2110000BB110000D311000022
:1030B000EB110000031200001B120000331200008D
:1030C0004B120000631200007B12000094120000FB
:1030D000AC120000C4120000DC120000F412000068
:1030E0000C130000241300003C13000054130000D4
:1030F0006C130000831300009B130000B313000047
:10310000CB130000E3130000FB13000013140000B6
:103110002B140000431400005A1400007214000025
:103120008A140000A2140000BA140000D114000098
:10313000E914000001150000191500003015000009
:103140004815000060150000771500008F1500007D
:10315000A7150000BE150000D6150000EE150000F2
:10316000051600001D160000341600004C16000065
:10317000641600007B16000093160000AA160000DB
:10318000C2160000D9160000F11600000817000052
:103190001F170000371700004E17000066170000C9
:1031A0007D17000094170000AC170000C317000043
:1031B000DA170000F21700000918000020180000BC
:1031C000381800004F180000661800007D18000035
:1031D00095180000AC180000C3180000DA180000B1
:1031E000F11800000819000020190000371900002C
:1031F0004E190000651900007C19000093190000A9
:10320000AA190000C1190000D8190000EF19000028
:10321000061A00001D1A0000341A00004B1A0000A4
:10322000621A0000791A00008F1A0000A61A000026
:10323000BD1A0000D41A0000EB1A0000021B0000A7
:10324000181B00002F1B0000461B00005D1B000028
:10325000731B00008A1B0000A11B0000B71B0000AD
:10326000CE1B0000E51B0000FB1B0000121C000031
:10327000281C00003F1C0000551C00006C1C0000B6
:10328000831C0000991C0000AF1C0000C61C00003D
:10329000DC1C0000F31C0000091D0000201D0000C4
:1032A000361D00004C1D0000631D0000791D00004C
:1032B0008F1D0000A61D0000BC1D0000D21D0000D7
:1032C000E81D0000FE1D0000151E00002B1E000062
:1032D000411E0000571E00006D1E0000831E0000EE
:1032E000991E0000B01E0000C61E0000DC1E00007B
:1032F000F21E0000081F00001E1F0000341F000007
:10330000491F00005F1F0000751F00008B1F000099
:10331000A11F0000B71F0000CD1F0000E21F00002A
:10332000F81F00000E2000002420000039200000BB
:103330004F200000652000007B200000902000004E
:10334000A6200000BB200000D1200000E7200000E4
:10335000FC20000012210000272100003D21000078
:1033600052210000682100007D2100009221000010
:10337000A8210000BD210000D2210000E8210000AA
:10338000FD21000012220000282200003D22000042
:1033900052220000672200007D22000092220000DD
:1033A000A7220000BC220000D1220000E62200007B
:1033B000FB22000010230000252300003A23000018
:1033C0004F23000064230000792300008E230000B7
:1033D000A3230000B8230000CD230000E123000058
:1033E000F62300000B2400002024000034240000F9
:1033F000492400005E24000073240000872400009C
:103400009C240000B0240000C5240000DA24000041
:10341000EE24000003250000172500002C250000E5
:103420004025000054250000692500007D2500008E
:1034300092250000A6250000BA250000CF25000037
:10344000E3250000F72500000B2600001F260000E2
:1034500034260000482600005C260000702600008C
:103460008426000098260000AC260000C02600003C
:10347000D4260000E8260000FC26000010270000EB
:1034800024270000382700004C2700005F27000099
:1034900073270000872700009B270000AF2700004C
:1034A000C2270000D6270000EA270000FD27000001
:1034B0001128000024280000382800004B280000B4
:1034C0005F2800007228000086280000992800006C
:1034D000AD280000C0280000D4280000E728000024
:1034E000FA2800000E2900002129000034290000DC
:1034F000472900005A2900006E2900008129000098
:1035000094290000A7290000BA290000CD29000055
:10351000E0290000F3290000062A0000192A000013
:103520002C2A00003F2A0000522A0000652A0000D1
:10353000772A00008A2A00009D2A0000B02A000095
:10354000C22A0000D52A0000E82A0000FA2A00005A
:103550000D2B0000202B0000322B0000452B00001B
:10356000572B00006A2B00007C2B00008E2B0000E4
:10357000A12B0000B32B0000C62B0000D82B0000AD
:10358000EA2B0000FC2B00000F2C0000212C000077
:10359000332C0000452C0000572C00006A2C000042
:1035A0007C2C00008E2C0000A02C0000B22C00000F
:1035B000C42C0000D62C0000E82C0000F92C0000E0
:1035C0000B2D00001D2D00002F2D0000412D0000AF
:1035D000522D0000642D0000762D0000882D000083
:1035E000992D0000AB2D0000BC2D0000CE2D000059
:1035F000E02D0000F12D0000032E0000142E00002D
:10360000252E0000372E0000482E00005A2E000004
:103610006B2E00007C2E00008D2E00009F2E0000DF
:10362000B02E0000C12E0000D22E0000E32E0000BC
:10363000F42E0000052F0000162F0000282F000098
:10364000382F0000492F00005A2F00006B2F000078
:103650007C2F00008D2F00009E2F0000AF2F000058
:10366000BF2F0000D02F0000E12F0000F12F00003D
:10367000023000001330000023300000343000001E
:103680004430000055300000653000007630000006
:103690008630000096300000A7300000B7300000F0
:1036A000C7300000D8300000E8300000F8300000DB
:1036B00008310000183100002831000038310000C6
:1036C00049310000593100006931000079310000B2
:1036D0008831000098310000A8310000B8310000A6
:1036E000C8310000D8310000E7310000F731000098
:1036F0000732000016320000263200003632000089
:10370000453200005532000064320000743200007F
:103710008332000093320000A2320000B132000078
:10372000C1320000D0320000DF320000EE32000073
:10373000FE3200000D3300001C3300002B3300006C
:103740003A3300004933000058330000673300006B
:10375000763300008533000094330000A33300006B
:10376000B2330000C1330000CF330000DE3300006D
:10377000ED330000FB3300000A3400001934000070
:103780002734000036340000443400005334000075
:1037900061340000703400007E3400008C3400007E
:1037A0009B340000A9340000B7340000C634000088
:1037B000D4340000E2340000F0340000FE34000095
:1037C0000C3500001A3500002835000036350000A1
:1037D0004435000052350000603500006E350000B1
:1037E0007C3500008935000097350000A5350000C4
:1037F000B3350000C0350000CE350000DC350000D8
:10380000E9350000F73500000436000012360000EC
:103810001F3600002C3600003A3600004736000004
:1038200054360000623600006F3600007C3600001F
:103830008936000096360000A4360000B13600003C
:10384000BE360000CB360000D8360000E53600005A
:10385000F1360000FE3600000B370000183700007C
:1038600025370000313700003E3700004B3700009D
:103870005737000064370000713700007D370000C3
:103880008A37000096370000A3370000AF370000EA
:10389000BB370000C8370000D4370000E037000015
:1038A000ED370000F937000005380000113800003E
:1038B0001D3800002938000035380000413800006C
:1038C0004D3800005938000065380000713800009C
:1038D0007D3800008938000094380000A0380000CE
:1038E000AC380000B7380000C3380000CF38000003
:1038F000DA380000E6380000F1380000FD3800003A
:1039000008390000133900001F3900002A3900006F
:1039100035390000413900004C39000057390000AA
:10392000623900006D3900007839000083390000E9
:103930008E39000099390000A4390000AF39000029
:10394000BA390000C5390000D0390000DA3900006A
:10395000E5390000F0390000FB390000053A0000AD
:10396000103A00001A3A0000253A00002F3A0000F1
:103970003A3A0000443A00004F3A0000593A000039
:10398000633A00006D3A0000783A0000823A000085
:103990008C3A0000963A0000A03A0000AA3A0000D3
:1039A000B43A0000BE3A0000C83A0000D23A000023
:1039B000DC3A0000E63A0000F03A0000FA3A000073
:1039C000033B00000D3B0000173B0000203B0000C4
:1039D0002A3B0000343B00003D3B0000473B000019
:1039E000503B0000593B0000633B00006C3B000073
:1039F000753B00007F3B0000883B0000913B0000CE
:103A00009A3B0000A33B0000AD3B0000B63B00002A
:103A1000BF3B0000C83B0000D13B0000DA3B000088
:103A2000E23B0000EB3B0000F43B0000FD3B0000EC
:103A3000063C00000E3C0000173C0000203C00004B
:103A4000283C0000313C0000393C0000423C0000B2
:103A50004A3C0000533C00005B3C0000633C00001B
:103A60006C3C0000743C00007C3C0000843C000086
:103A70008C3C0000953C00009D3C0000A53C0000F3
:103A8000AD3C0000B53C0000BD3C0000C53C000062
:103A9000CC3C0000D43C0000DC3C0000E43C0000D6
:103AA000EC3C0000F33C0000FB3C0000023D000049
:103AB0000A3D0000123D0000193D0000213D0000BC
:103AC000283D00002F3D0000373D00003E3D000036
:103AD000453D00004D3D0000543D00005B3D0000B1
:103AE000623D0000693D0000703D0000773D000030
:103AF0007E3D0000853D00008C3D0000933D0000B0
:103B00009A3D0000A13D0000A73D0000AE3D000031
:103B1000B53D0000BB3D0000C23D0000C93D0000B6
:103B2000CF3D0000D63D0000DC3D0000E23D00003E
:103B3000E93D0000EF3D0000F53D0000FC3D0000C8
:103B4000023E0000083E00000E3E0000143E000051
:103B50001B3E0000213E0000273E00002D3E0000DD
:103B6000333E0000383E00003E3E0000443E000070
:103B70004A3E0000503E0000553E00005B3E000003
:103B8000613E0000663E00006C3E0000713E000099
:103B9000773E00007C3E0000823E0000873E000031
:103BA0008C3E0000923E0000973E00009C3E0000CC
:103BB000A13E0000A73E0000AC3E0000B13E000068
:103BC000B63E0000BB3E0000C03E0000C53E000007
:103BD000CA3E0000CE3E0000D33E0000D83E0000AA
:103BE000DD3E0000E13E0000E63E0000EB3E00004E
:103BF000EF3E0000F43E0000F83E0000FD3E0000F5
:103C0000013F0000063F00000A3F00000E3F000099
:103C1000133F0000173F00001B3F00001F3F000044
:103C2000233F0000273F00002B3F00002F3F0000F4
:103C3000333F0000373F00003B3F00003F3F0000A4
:103C4000433F0000473F00004A3F00004E3F000056
:103C5000523F0000553F0000593F00005D3F00000B
:103C6000603F0000643F0000673F00006A3F0000C3
:103C70006E3F0000713F0000743F0000783F00007D
:103C80007B3F00007E3F0000813F0000843F00003A
:103C9000873F00008A3F00008D3F0000903F0000FA
:103CA000933F0000963F0000993F00009C3F0000BA
:103CB0009E3F0000A13F0000A43F0000A63F00007F
:103CC000A93F0000AC3F0000AE3F0000B13F000044
:103CD000B33F0000B53F0000B83F0000BA3F00000E
:103CE000BC3F0000BF3F0000C13F0000C33F0000D9
:103CF000C53F0000C73F0000C93F0000CB3F0000A8
:103D0000CD3F0000CF3F0000D13F0000D33F000077
:103D1000D53F0000D73F0000D83F0000DA3F000049
:103D2000DC3F0000DE3F0000DF3F0000E13F00001D
:103D3000E23F0000E43F0000E53F0000E73F0000F5
:103D4000E83F0000E93F0000EB3F0000EC3F0000CF
:103D5000ED3F0000EE3F0000EF3F0000F03F0000AD
:103D6000F13F0000F23F0000F33F0000F43F00008D
:103D7000F53F0000F63F0000F73F0000F83F00006D
:103D8000F93F0000F93F0000FA3F0000FB3F000050
:103D9000FB3F0000FC3F0000FC3F0000FD3F000037
:103DA000FD3F0000FE3F0000FE3F0000FE3F000020
:103DB000FF3F0000FF3F0000FF3F0000FF3F00000B
:103DC000FF3F0000FF3F0000FF3F000010B5DFF89D
:103DD000944820684069C0F3804000281AD02068C9
:103DE0004069C00F002805D05FF0B640DFF87818B2
:103DF0000968486120681430016851F00041016091
:103E0000DFF868180868002802D00868804701E0D9
:103E100000F0ADF92068C069C0F3804000281AD0D6
:103E20002068C069C00F002805D05FF0B640DFF8F9
:103E300038180968C86120681C30016851F00041D9
:103E40000160DFF828184868002802D048688047D9
:103E500001E000F0A6F9BFF34F8F10BD38B5002484
:103E6000DFF800582968096BC90F002905D05FF0F9
:103E7000B641DFF8F42712681163296830310A6807
:103E800052F080720A60296830310A6852F00042AC
:103E90000A602968896AC90F002905D05FF0B64118
:103EA000DFF8C42712689162296828310A6852F441
:103EB00040520A60296828310A6852F400720A6088
:103EC00029682831C0B20A6860F341020A60286894
:103ED0002830016851F0010101602868283001682C
:103EE00051F000410160052000F0C2FB002801D024
:103EF000012417E05FF0B640DFF86C1709688862AC
:103F000028682830016851F0007101602868283065
:103F1000016831F40071016028682830016851F0AF
:103F2000004101602000C0B232BD38B5DFF834472F
:103F300023689B69DB0F002B05D05FF0B643DFF8E9
:103F400028572D68AB6123681833C0B21D6860F331
:103F500082051D6020681830D2B2036862F3000346
:103F6000036020681830026852F002020260206884
:103F70001830026852F00042026020684069C00FA9
:103F8000002805D05FF0B640DFF8DC2612685061EB
:103F9000DFF8D4261068406930F4802030F0020049
:103FA000C9B250EA410050F0010050F000401168E1
:103FB0004861042000F05CFB32BD10B50024010014
:103FC000C9B2012926D1032000F052FB002800D0FD
:103FD00001242000C0B2002872D1DFF888160868DA
:103FE000C068C00F002805D05FF0B640DFF8782623
:103FF0001268D060DFF8700601220368DB6862F3A4
:1040000012430068C36008680C30016851F0004139
:10401000016055E00100C9B2022926D1042000F058
:1040200027FB002800D001242000C0B2002847D17F
:10403000DFF830160868C068C00F002805D05FF0B0
:10404000B640DFF824261268D060DFF81C06022292
:104050000368DB6862F312430068C36008680C30D1
:10406000016851F0004101602AE0C0B2032826D166
:10407000052000F0FDFA002800D001242000C0B285
:1040800000281DD1DFF8DC150868C068C00F0028C3
:1040900005D05FF0B640DFF8D0251268D060DFF8B9
:1040A000C80503220368DB6862F312430068C3603B
:1040B00008680C30016851F00041016000E0012403
:1040C0002000C0B210BDDFF89C251168C96AC90F75
:1040D000002905D05FF0B641DFF88C351B68D96246
:1040E00011682C31C0B20B6860F345130B60106887
:1040F0002C30016851F000410160704710B4DFF8C6
:1041000064251168C96AC90F002905D05FF0B6415E
:10411000DFF854351B68D96211682C3143780C687C
:1041200063F312440C6011682C3103780C6863F35C
:1041300001040C6011682C3143680C6863F30F2490
:104140000C6011682C31437A0C6863F304140C6022
:1041500011682C31007A0B6860F345130B6010680E
:104160002C30016851F00041016010BC7047DFF84D
:10417000F40400684069C00F002805D05FF0B64025
:10418000DFF8E41409684861DFF8DC140868406966
:1041900030F4802030F4007050F00040096848612D
:1041A0007047DFF8C0040068C069C00F002805D060
:1041B0005FF0B640DFF8B0140968C861DFF8A814F2
:1041C0000868C06930F4802030F4007050F000407E
:1041D0000968C8617047DFF864250300DBB29B08FB
:1041E00052F82320C0B2042853D0082851D00C28FC
:1041F0004FD010284DD014284BD0182849D01C2857
:1042000047D0202845D0242843D0282841D02C2826
:104210003FD030283DD034283BD0382839D03C28F6
:1042200037D0402835D0442833D0482831D04C28C6
:104230002FD050282DD054282BD0582829D05C2896
:1042400027D0602825D0642823D0682821D06C2866
:104250001FD070281DD074281BD0782819D07C2836
:1042600017D0802815D0852824D0862841D08728CB
:104270005ED088280DD08C280BD0A02809D0B0287B
:1042800007D0B42805D0B82803D0BC2801D0C02856
:104290006CD11068C00F002802D05FF0B6401060EB
:1042A0001000036861F30B230360106850F00040B6
:1042B00010605BE0DFF8AC231068C068C00F002816
:1042C00005D05FF0B640DFF8A0331B68D860DFF898
:1042D00098030368DB6833F47063C9B253EA0123BF
:1042E0000068C36010680C30016851F00041016043
:1042F0003CE0DFF870231068C068C00F002805D0CC
:104300005FF0B640DFF860331B68D860DFF8580311
:104310000368DB6833F0F003C9B253EA01130068A5
:10432000C36010680C30016851F0004101601DE06D
:10433000DFF830231068C068C00F002805D05FF098
:10434000B640DFF824331B68D860DFF81C0303682D
:10435000DB681B091B01C9B219430068C160106802
:104360000C30016851F000410160FFE7704781B0F7
:10437000DFF8C8230300DBB29B0852F82320002398
:104380008DF80030C0B2042800F0228108285CD0EB
:104390000C285AD0102858D0142856D0182854D099
:1043A0001C2852D0202850D024284ED028284CD069
:1043B0002C2800F09580302800F09280342800F0FE
:1043C0008F80382800F08C803C2800F089804028BD
:1043D00000F08680442800F08380482800F0808028
:1043E0004C2832D0502830D054282ED058282CD0E9
:1043F0005C282AD0602828D0642826D0682824D0B9
:104400006C2822D0702820D074281ED078281CD088
:104410007C281AD0802818D0882800F0D9808C28D1
:1044200000F0D680A02800F09280B02800F0D08064
:10443000B42800F0CD80B82800F0CA80BC2800F075
:10444000C780C02800F0C48003E11068C00F0028B6
:1044500002D05FF0B64010600800C0B2012805D15C
:104460001000036861F30613036034E00800C0B273
:10447000022805D11000036861F3061303602AE0E7
:104480000800C0B2032805D11000036861F30613C9
:10449000036020E00800C0B2042805D110000368C2
:1044A00061F30613036016E00800C0B2052805D1C9
:1044B0001000036861F3061303600CE00800C0B24B
:1044C000002805D11000036861F30613036002E0C1
:1044D00001208DF80000106850F000401060BBE033
:1044E0001068C00F002802D05FF0B64010600800CE
:1044F000C0B2032805D11000036861F306130360FE
:1045000020E00800C0B2042805D11000036861F360
:104510000613036016E00800C0B2052805D110009C
:10452000036861F3061303600CE00800C0B20028C2
:1045300005D11000036861F30613036002E0012057
:104540008DF80000106850F00040106084E01068A2
:10455000C00F002802D05FF0B64010600800C0B263
:10456000032805D11000036861F3061303602AE0F5
:104570000800C0B2042805D11000036861F30613D7
:10458000036020E00800C0B2052805D110000368D0
:1045900061F30613036016E00800C0B2062805D1D7
:1045A0001000036861F3061303600CE00800C0B25A
:1045B000002805D11000036861F30613036002E0D0
:1045C00001208DF80000106850F00040106043E0BA
:1045D0001068C00F002802D05FF0B64010600800DD
:1045E000C0B2012805D11000036861F3061303600F
:1045F0002AE00800C0B2022805D11000036861F368
:104600000613036020E00800C0B2032805D11000A3
:10461000036861F30613036016E00800C0B20428C3
:1046200005D11000036861F3061303600CE0080075
:10463000C0B2002805D11000036861F306130360BF
:1046400002E001208DF80000106850F0004010607A
:1046500002E001208DF800009DF8000001B07047D5
:1046600000000000E8A30000ECA30000680C00209C
:1046700081B00100002000900020C9B201290DD0B6
:1046800005D303291AD029D3052947D036D30120D1
:10469000C0B201B070470099491C009129490968CE
:1046A0004968C1F38001002904D10099264A91424A
:1046B000F1D30120ECE70099491C009120490968D9
:1046C000C969C1F30041002904D100991E4A9142F1
:1046D000F1D30120DCE70099491C009116490968D3
:1046E0000968C1F34021002904D10099174A914279
:1046F000F1D30120CCE70099491C009110490968C9
:104700004969C1F30041002904D100990E4A914240
:10471000F1D30120BCE70099491C009108490968C0
:10472000896AC1F30041002904D10099064A9142E7
:10473000F1D30120ACE70000E4A300007493000073
:10474000E8A30000F0A30000A1860100414B4C004B
:1047500070B5DFF800452068C5692068C06805406D
:1047600000261DE02068C26851F8260082432068B8
:10477000C26014E0DFF8E01451F8260005420ED0C4
:10478000DFF8D80450EA064022685061DFF8D024F0
:1047900052F836000028E5D052F836008047761CE3
:1047A000102EE7D370BD10B5DFF8A8442168096A60
:1047B000DFF8A4240300DBB252F82320114225D0F5
:1047C0000100C9B20200D2B252EA016242F4000210
:1047D00052F4004221684A61DFF884240100C9B222
:1047E00002EBC1014968002905D0C0B202EBC0004C
:1047F000406880470AE00023012201212468C0B2FA
:104800004001204410F5067000F001F810BDF0B42E
:104810000024002400240027002405685FF0010C18
:104820001CFA02F6761E8E40B5431CFA02F2521EA6
:104830001A4012FA01F12943016016EA010200E070
:104840007F1C03683340934203D00160652FF7D388
:1048500001242000C0B2F0BC704710B4DFF8081487
:104860000A688378146863F3410414600A68037863
:10487000146863F3C3041460096840780A6860F33D
:1048800082020A6010BC7047DFF8C8130A685268D9
:10489000DFF8C433C0B253F8200002430868426016
:1048A000704738B51300C9B2002903D0022926D0B9
:1048B00015D345E0DFF89C432168CA68DFF89813F8
:1048C0000500EDB251F825108A43DBB25B1C13F0F2
:1048D000010313FA00F010432168C86030E0DBB236
:1048E0005B1C13F0010301220121DA4C2468C0B2E1
:1048F0004001204410F50670FFF789FF20E0D54CF9
:104900002168CA68D4490500EDB251F825108A43E0
:104910001900C9B2491C11F0010181400A43216804
:10492000CA60DBB25B1C13F0010301220121246881
:10493000C0B24001204410F50670FFF768FFFFE7A2
:1049400031BD0B00DBB2022B06DAC54BC0B203EB64
:10495000C000C9B240F821207047F8B50400002714
:104960002578BC4E306810F128022800C0B28008BB
:104970008000821801236068A17E13FA01F1491EAC
:10498000084206D1A068E17E13FA01F1491E0842EF
:1049900000D00127B4F90C00002807D4B4F90C00AA
:1049A000A17E13FA01F1491E08400AE0B4F90C0097
:1049B000401E5FF0FF314840A17E13FA01F1491E0D
:1049C0000840002818D1B4F90E00002807D4B4F923
:1049D0000E00E17E13FA01F1491E08400AE0B4F925
:1049E0000E00401E5FF0FF314840E17E13FA01F1F6
:1049F000491E0840002800D00127B4F91000002803
:104A000007D4B4F91000A17E13FA01F1491E084041
:104A10000AE0B4F91000401E5FF0FF314840A17E6B
:104A200013FA01F1491E0840002818D1B4F9120008
:104A3000002807D4B4F91200E17E13FA01F1491EEF
:104A400008400AE0B4F91200401E5FF0FF31484010
:104A5000E17E13FA01F1491E0840002800D0012729
:104A60006069A17E13FA01F1491E084205D161690E
:104A7000E07E83405B1E194200D001276069002858
:104A800000D101273800C0B2002840F0E08075480E
:104A900001682B00DBB201EB8301E378D1F800C0A1
:104AA00063F3470CC1F800C0E178802909D00068A1
:104AB0002900C9B200EB8100016851F001010160D9
:104AC00008E000682900C9B200EB810001684908CC
:104AD0004900016010680F21EB0013F01803D3F1B7
:104AE0001803994088436178EB0013F01803D3F161
:104AF0001803994008430321EB0013F01803D3F186
:104B00001E0399408843A178EB0013F01803D3F1FA
:104B10001E0399400843106063682022002130681A
:104B2000AC465FFA8CFC5FEA4C1C604410F50070E8
:104B3000FFF76DFEA368202200213068AC465FFAC3
:104B40008CFC5FEA4C1C604410F50170FFF75FFEBF
:104B5000B4F90C30102200213068AC465FFA8CFCAE
:104B60005FEA4C1C604410F50270FFF750FEB4F988
:104B70000E30102210213068AC465FFA8CFC5FEAE0
:104B80004C1C604410F50270FFF741FEA37E022228
:104B900018213068AC465FFA8CFC5FEA4C1C60441C
:104BA00010F50670FFF733FEE37E02221021306815
:104BB000AC465FFA8CFC5FEA4C1C604410F5067052
:104BC000FFF725FE6369202200213068AC465FFABA
:104BD0008CFC5FEA4C1C604410F50470FFF717FE74
:104BE000B4F91030102200213068AC465FFA8CFC1A
:104BF0005FEA4C1C604410F50370FFF708FEB4F93F
:104C00001230102210213068AC465FFA8CFC5FEA4B
:104C10004C1C604410F50370FFF7F9FD238B102244
:104C200000213068AC465FFA8CFC5FEA4C1C6044A3
:104C300010F50570FFF7EBFD237F0122032130689B
:104C4000EDB26D01284410F50670FFF7E0FD380065
:104C5000C0B2F2BD00A40000EC970000808000808C
:104C6000C0080020F8A30000FCA3000080B50020CD
:104C7000FFF799FDBFF34F8F01BD000080B5012004
:104C8000FFF791FDBFF34F8F01BD000080B50220FB
:104C9000FFF789FDBFF34F8F01BD000080B50320F2
:104CA000FFF781FDBFF34F8F01BD000080B50420E9
:104CB000FFF779FDBFF34F8F01BD000080B50520E0
:104CC000FFF771FDBFF34F8F01BD000080B50620D7
:104CD000FFF769FDBFF34F8F01BD000080B50720CE
:104CE000FFF761FDBFF34F8F01BD000080B50820C5
:104CF000FFF759FDBFF34F8F01BD000080B50920BC
:104D0000FFF751FDBFF34F8F01BD000080B50A20B2
:104D1000FFF749FDBFF34F8F01BD000080B50B20A9
:104D2000FFF741FDBFF34F8F01BD000080B50C20A0
:104D3000FFF739FDBFF34F8F01BD000080B50D2097
:104D4000FFF731FDBFF34F8F01BD000080B50E208E
:104D5000FFF729FDBFF34F8F01BD000080B50F2085
:104D6000FFF721FDBFF34F8F01BD000080B5FFF7B6
:104D7000EFFCBFF34F8F01BD10B50400002060644D
:104D80000021200000F0FCF9002114F1140000F0D3
:104D9000F7F9002114F1280000F0F2F910BD10B568
:104DA0000400200000F0EEF914F1140000F0EAF91C
:104DB00010BD10B50400002060640021200000F048
:104DC000DFF9002114F1140000F0DAF9002114F1E8
:104DD000280000F0D5F910BD8169C269D2EB41020B
:104DE000016A521A40F255514A4312138264C26951
:104DF000016A521A40F63D114A431213C2647047C9
:104E000010B4826C4368C46C81684C4303FB02425B
:104E10000265C26C41684A43836C816801FB1322BE
:104E2000426510BC704710B4426A41684A43836AC5
:104E3000816801FB13228265426A8368846A416843
:104E40004C4303FB0242C26510BC70477FB50400AF
:104E50000020002000200025002600200C22002138
:104E6000684600F059FAE16D41F6B7304143091345
:104E7000A26D03204243521A5210606942439212BB
:104E8000A36D7FF0020043435B1A5B1060694343EC
:104E90009B12606941438912002084F84400012973
:104EA00004DB94F84400401C84F84400012A04DB2D
:104EB00094F84400801C84F84400012B04DB94F82F
:104EC0004400001D84F8440094F8440001280CD0EC
:104ED00020D3032806D018D305280BD00DD30628DD
:104EE00010D017E015000E0014E0524215005B428E
:104EF0001E000FE00D001E000CE049420D00524262
:104F0000160007E01D00160004E05B421D00494248
:104F10000E00FFE77019E16E814206DAE16E05FBD3
:104F200001F595FBF0F5E66E761BE06E401B801BED
:104F3000216F491011EBA00100916946009810EB18
:104F400065004860486810EB6600886094F844008B
:104F500001281AD073D3032806D05ED3052825D0A4
:104F600036D3062847D06AE016EB450240F255508A
:104F70004243121320694243A26540F63D10464366
:104F8000361320694643E66559E0721B40F25550DE
:104F90004243121320694243A265751940F63D1041
:104FA00045432D1320694543E56548E07600764288
:104FB000761B40F255504643361320694643A6659A
:104FC00040F63D1045432D1320694543E56536E025
:104FD00076007642761B40F25550464336132069E0
:104FE0004643A66540F63D1045432D1320694543D1
:104FF0006D42E56523E0721B40F2555042431213A7
:1050000020694243A2656D42AD1B40F63D10454309
:105010002D1320694543E56511E016EB450240F28A
:1050200055504243121320694243A26540F63D1099
:1050300046433613206946437642E665FFE7DFF8CC
:105040002C0094F84420825C51F82220226694F8C7
:1050500044200244127A51F82220626694F84420D7
:105060001044007C51F82000A0667FBD080000209D
:1050700010B504000021200000F0BFF8002114F159
:10508000280000F0BAF8002114F1500000F078F880
:1050900010BD10B50400A06FD4F89810884201DA52
:1050A000A06F01E0D4F89800D4F89C10814209DA8E
:1050B000A06FD4F89810884201DAA06F04E0D4F809
:1050C000980001E0D4F89C00606514F1500000F0F5
:1050D00059F8206E2060E06F6060200000F096F8C4
:1050E000606C606614F1640000F0D1F8E169E06E74
:1050F00041438913C4F89010E169A06E41438913BC
:10510000C4F894100020C4F89000E069C4F894003A
:1051100010BD10B504000021200000F06EF8002141
:1051200014F1280000F069F810BD10B50400216DDD
:10513000606F414389136166216D606F414389133C
:10514000A166606E2062606E40426062606D2060A9
:10515000E06D6060200000F059F8E069E066A06E44
:10516000A064A06E4042E064A06DA062206EE06288
:1051700014F1280000F04AF8606C206710BDFEE7CB
:10518000016170470169426891420DDA02698168E4
:105190008A1841688A4204DA026981688A180261C1
:1051A00016E04168016113E04168026991420DDA3D
:1051B00042680369C168CB189A4204DA02698168BF
:1051C000521A026104E04168016101E04168016135
:1051D00070470A02826041607047C26801684A43B2
:1051E0001202C368D3F58073816801FB0322120A9F
:1051F00082608168091241607047002202600022CB
:10520000426041618A038261C161704702684168FE
:10521000511A8269C36801FB032282618269036AB1
:10522000B2EB833F01DA826901E0026A9203436ACA
:105230009B03934209DA8269036AB2EB833F01DA86
:10524000826904E0026A920301E0426A9203826189
:10525000826992134261826801FB02F1426912EB9A
:10526000A132C261C169026A914201DAC16900E0FA
:10527000016A426A8A4207DAC169026A914201DA26
:10528000C16902E0016A00E0416AC16170470168DA
:105290008905890D026812F44062002A09D0B2F52E
:1052A000806F11D0B2F5006F1AD0B2F5406F24D0E4
:1052B0002FE0184A52F821308360494202EB810105
:1052C000D1F8FC1F416024E0124A4B4202EB8303F9
:1052D000D3F8FC3F836052F821104942416018E046
:1052E0000C4A52F821305B428360494202EB810153
:1052F000D1F8FC1F494241600BE0064A4B4202EBE9
:105300008303D3F8FC3F5B42836052F82110416075
:10531000FFE77047CC2D000010B5044610460A4642
:105320000146204600F002F8204610BD62F30F222D
:1053300062F31F42401810F0030308D0C91A1FD3AC
:10534000DB0748BF00F8012D28BF20F8022D13000D
:1053500030B414461546103928BF20E93C00FAD86D
:10536000490728BF20E90C0048BF40F8042D8900F8
:1053700028BF20F8022D48BF00F8012D30BC70472F
:10538000C91818BF00F8012DCB0728BF00F8012D60
:105390007047FEE770B5A2B00400F54DF54800680F
:1053A000029005220221012000F048FA042208217F
:1053B000042000F043FA05220521012000F03EFA06
:1053C00005220421012000F039FA052203210220E0
:1053D00000F034FA07220721032000F02FFA0722F9
:1053E0000621032000F02AFA00208DF84400002056
:1053F0008DF8480000208DF8490001208DF84D00FF
:1054000001208DF84A0001208DF84B0000208DF816
:105410004C004FF47A663000ADF84E000020ADF835
:10542000500000208DF8520000208DF8530000201D
:105430008DF8540000208DF8550000208DF856009E
:1054400001208DF8570001208DF8580000208DF8BC
:10545000590000208DF85A0000208DF85B000020D4
:105460008DF85C00A020ADF8460001208DF8720098
:105470003000ADF8700011A81D901CAA0021012079
:10548000FDF761F9012200210120FCF722FE012035
:105490008DF8280000208DF82C0000208DF82D00BC
:1054A00001208DF8310001208DF82E0001208DF8AB
:1054B0002F0000208DF830003000ADF832000020C1
:1054C000ADF8340000208DF8360000208DF837004C
:1054D00000208DF8380000208DF8390000208DF86C
:1054E0003A0001208DF83B0001208DF83C0000209F
:1054F0008DF83D0000208DF83E0000208DF83F0023
:1055000000208DF84000A020ADF82A0001208DF881
:105510006A003000ADF868000AA81B901AAA0021A2
:105520000120FDF710F9012201210120FCF7D1FD36
:1055300002208DF80C0000208DF8100000208DF85E
:10554000110001208DF8150001208DF812000120B6
:105550008DF8130000208DF814003000ADF816000F
:105560000020ADF8180000208DF81A0000208DF8FA
:105570001B0000208DF81C0000208DF81D0000206D
:105580008DF81E0001208DF81F0001208DF82000ED
:1055900000208DF8210000208DF8220000208DF8D9
:1055A000230000208DF82400A020ADF80E0001207B
:1055B0008DF862003000ADF8600003A8199018AAB9
:1055C00000210120FDF7BFF8012202210120FCF794
:1055D00080FD1EA800214170002181700121C17051
:1055E00000218DF878100021417100218171012185
:1055F000C1710121017100214172002181720121DB
:105600008DF883100221017201218DF8851001218E
:1056100081730121C1730321017304208DF80000FF
:1056200000208DF803000F208DF8010000208DF878
:1056300002001EA8019069460120FDF79CF8012296
:1056400001210120FCF7D5FB02AA00210120FDF772
:1056500057F915F1A000016851F48071016015F14E
:10566000A000016851F40071016015F1A00001680B
:1056700051F48061016015F15C00016866F30F016F
:10568000016015F16400016866F30F01016015F116
:105690006C00016866F30F01016001210120FCF735
:1056A0000CFD220010210120FDF77EFB10210120BE
:1056B000FDF77EFA002210210120FDF73BF90122BF
:1056C00000210120FDF736F9012201210120FDF71B
:1056D00031F9012202210120FDF72CF901220321D9
:1056E0000120FDF727F9012204210120FDF722F90D
:1056F000012205210120FDF71DF9012207210120CA
:10570000FDF718F9012207210120FDF713F9002206
:1057100000210120FCF737FC002201210120FCF7C9
:1057200032FC002202210120FCF72DFC0022032183
:105730000120FCF728FC002204210120FCF723FCB7
:10574000002205210120FCF71EFC00220621012079
:10575000FCF719FC002207210120FCF714FC0120B2
:10576000FCF77CFB00210120FCF75FFB22B070BD41
:1057700000A00140E0A300002DE9F0410400DFF8A3
:10578000D8012100C9B250F82150DFF8D001210022
:10579000C9B250F82160D5F890705FF000082DE094
:1057A0005FF0B64006EB8801086105EB8800103019
:1057B000016831F47021016005EB88001030016848
:1057C00051F4004101600FE0380030FA08F0C007E2
:1057D0000AD5DFF88C2110680028E1D04146C9B213
:1057E0002000C0B21268904715F1900001680121B5
:1057F00011FA08F13940016018F10108B8F1200FE1
:10580000E2D3BFF34F8FBDE8F08180B50020FFF7F2
:10581000B3FF01BD80B50120FFF7AEFF01BD80B52C
:105820000220FFF7A9FF01BD80B50320FFF7A4FF09
:1058300001BD80B50420FFF79FFF01BD30B4DFF844
:1058400018310400E4B253F82430DFF81041C0B23C
:1058500054F820400800C0B203EB80000069C0F398
:10586000C030002806D05FF0B6400D00EDB204EB6A
:10587000850420610800C0B203EB8000103004688A
:1058800062F30A240460C9B203EB8100103001689E
:1058900051F40041016030BC704730B4DFF8B830DB
:1058A0000400E4B253F82430DFF8B040C0B254F83A
:1058B00020400800C0B203EB80000069C0F3C03094
:1058C000002806D05FF0B6400D00EDB204EB850471
:1058D00020610800C0B203EB800010301400E4B275
:1058E000056864F3000505600800C0B203EB8000A2
:1058F0001030D2B25208D2B2046862F3410404609C
:10590000C9B203EB81001030016851F4004101601D
:1059100030BC704710B4134BC0B253F82000436939
:1059200001248C40A343D2B212FA01F11943416120
:1059300010BC70470B4BC0B253F82000D2B2002A03
:1059400004D1012212FA01F1816003E0012212FA6E
:1059500001F1416070470000709B0000849B0000D3
:10596000880C0020989B000010B5DFF85C13020043
:10597000D2B251F82220DFF854130300DBB251F801
:105980002310096ADFF848331B68194213D0142327
:10599000DFF840430100C9B259436158002904D0DF
:1059A000C0B258432058804705E012F11C0001683E
:1059B000490849000160BFF34F8F10BD1CB5DFF8E7
:1059C00008130200D2B251F82220DFF800130300BE
:1059D000DBB251F82310096A536A13F001030093F4
:1059E000DFF8EC325B68194215D01423DFF8E4428B
:1059F0000100C9B2594321444968002905D0C0B209
:105A0000584320444068804705E012F11C000168BB
:105A100031F002010160BFF34F8F13BD10B5DFF805
:105A2000A8120200D2B251F82220DFF8A01203001F
:105A3000DBB251F82310096ADFF894321B6919426E
:105A400015D01423DFF88C420100C9B25943214418
:105A50000969002905D0C0B2584320440069804735
:105A600005E012F11C00016831F010010160BFF384
:105A70004F8F10BD1CB5DFF850120200D2B251F8A2
:105A80002220DFF848120300DBB251F82310096A24
:105A9000D36A13F001030093DFF834329B68194294
:105AA00015D01423DFF82C420100C9B25943214418
:105AB0008968002905D0C0B25843204480688047D7
:105AC00005E012F11C00016831F004010160BFF330
:105AD0004F8F13BD1CB5DFF8F0110200D2B251F8A0
:105AE0002220DFF8E8110300DBB251F82310096A25
:105AF000936A13F001030093DFF8D431DB68194295
:105B000014D01423734C0100C9B259432144C9680D
:105B1000002905D0C0B258432044C068804705E042
:105B200012F11C00016831F008010160BFF34F8FD2
:105B300013BD80B50020FFF717FF01BD80B5002021
:105B4000FFF73CFF01BD80B50020FFF767FF01BDF7
:105B500080B50020FFF78EFF01BD80B50020FFF764
:105B6000B9FF01BD80B50120FFF7FEFE01BD80B584
:105B70000120FFF723FF01BD80B50120FFF74EFF95
:105B800001BD80B50120FFF775FF01BD80B5012083
:105B9000FFF7A0FF01BD80B50220FFF7E5FE01BDC4
:105BA00080B50220FFF70AFF01BD80B50220FFF794
:105BB00035FF01BD80B50220FFF75CFF01BD80B558
:105BC0000220FFF787FF01BD80B50320FFF7CCFE61
:105BD00001BD80B50320FFF7F1FE01BD80B50320B4
:105BE000FFF71CFF01BD80B50320FFF743FF01BD98
:105BF00080B50320FFF76EFF01BD10B4324AC0B27A
:105C000052F82000002932D002000B78146863F3A8
:105C10005554146010F10C02CB68146863F30F0440
:105C2000146002004B685B1E146863F31444146034
:105C300002000B7A146863F38614146002004B7A36
:105C4000146863F3C714146002008B7A146863F35A
:105C50000924146010F110020B69146863F3010445
:105C6000146010304969026861F31142026010BC8F
:105C700070471549C0B251F820000830016851F052
:105C8000010101607047104AC0B252F8200008308C
:105C9000026861F31142026070470C4AC0B252F8C8
:105CA0002000016670470949C0B251F82000006E1B
:105CB0007047064AC0B252F82000806901228A402B
:105CC0001040C840C0B270474C9C00005C9C000073
:105CD000F89A0000300A0020F8B50400DFF840030D
:105CE0002100C9B250F82150DFF838032100C9B2B1
:105CF00050F82110CF6DC8690740CF65DFF82863E1
:105D00003068074215D03821DFF820232000C0B2C8
:105D100048431058002806D02000C0B201FB00F113
:105D20005058804705E015F11C00016849084900FA
:105D300001607068074218D03821DFF8F022200097
:105D4000C0B2484310444068002808D02000C0B2C8
:105D500001FB00F102EB01004068804705E015F10E
:105D60001C00016831F002010160B068074218D0E0
:105D70003821DFF8B8222000C0B2484310448068C0
:105D8000002808D02000C0B201FB00F102EB0100A6
:105D90008068804705E015F11C00016831F00401BE
:105DA0000160F068074218D03821DFF88022200017
:105DB000C0B248431044C068002808D02000C0B2D8
:105DC00001FB00F102EB0100C068804705E015F11E
:105DD0001C00016831F0080101603069074218D0E9
:105DE0003821DFF848222000C0B24843104400693F
:105DF000002808D02000C0B201FB00F102EB010036
:105E00000069804705E015F11C00016831F01001C0
:105E100001607069074218D03821DFF81022200095
:105E2000C0B2484310444069002808D02000C0B2E6
:105E300001FB00F102EB01004069804705E015F12C
:105E40001C00016831F020010160B069074218D0E0
:105E50003821DFF8D8212000C0B2484310448069BF
:105E6000002808D02000C0B201FB00F102EB0100C5
:105E70008069804705E015F11C00016831F480015C
:105E80000160F069074218D03821DFF8A021200016
:105E9000C0B248431044C069002808D02000C0B2F6
:105EA00001FB00F102EB0100C069804705E015F13C
:105EB0001C00016831F400010160306A074218D00B
:105EC0003821DFF868212000C0B248431044006A3E
:105ED000002808D02000C0B201FB00F102EB010055
:105EE000006A804705E015F11C00016831F08071FF
:105EF0000160706A074218D03821DFF83021200095
:105F0000C0B248431044406A002808D02000C0B204
:105F100001FB00F102EB0100406A804705E015F14A
:105F20001C00016831F000710160B06A074218D0AE
:105F30003821DFF8F8202000C0B248431044806ABE
:105F4000002808D02000C0B201FB00F102EB0100E4
:105F5000806A804705E015F11C00016831F080611E
:105F60000160F06A074218D03821DFF8C020200015
:105F7000C0B248431044C06A002808D02000C0B214
:105F800001FB00F102EB0100C06A804705E015F15A
:105F90001C00016831F000610160306B074218D0CD
:105FA0003821DFF888202000C0B248431044006B3D
:105FB000002808D02000C0B201FB00F102EB010074
:105FC000006B804705E015F11C00016831F080414D
:105FD0000160706B074216D03821DFF85020200096
:105FE000C0B248431044406B002806D0E4B24C4392
:105FF00002EB0400406B804705E015F11C000168CE
:1060000021F000410160BFF34F8FF1BD80B500204A
:10601000FFF762FE01BD80B50120FFF75DFE01BD07
:10602000449D00004C9D000068980000C0090020BD
:106030002DE9F0410400DFF830032100C9B250F827
:106040002110DFF828032200D2B250F82250EE6867
:10605000DFF81C032200D2B250F822000640DFF81D
:106060001473386836EA0000E8603868064217D0D2
:106070001422DFF804332000C0B25043185800281F
:1060800006D02000C0B202FB00F29858804705E01D
:1060900011F1100001684908490001603868E860A2
:1060A0005FF0010821E02969DFF8D00250F82800EC
:1060B0008143296117E057F82800064213D01421C4
:1060C000DFF8B4222000C0B24843104450F8280042
:1060D0000028E8D02000C0B201FB00F102EB010073
:1060E00050F82800804718F10108B8F1050FE2D3F5
:1060F000BFF34F8FBDE8F08180B50020FFF798FF18
:1061000001BD80B50120FFF793FF01BD81B00021E3
:106110000091DFF85412C0B251F820000830016835
:1061200051F00401016002E00098401C00900098CA
:106130000A28F9D301B0704710B4DFF82C22C0B29E
:1061400052F820008A78022A06D110F1080213685A
:1061500053F0100313600CE010F10802136833F0E1
:106160001003136010F114028B78146863F3CF34BA
:10617000146010F114024B78146863F31044146037
:1061800010F114020B78146863F35244146010F198
:106190001402CB78146863F3CB24146010F114025A
:1061A0000B79146863F3D544146010F114028B6802
:1061B000146863F39F54146010F10802C9681368EF
:1061C00061F3D52313600830016851F480610160E8
:1061D00010BC704710B4644AC0B252F8200010F1ED
:1061E00014020B78146863F30004146010F11402B5
:1061F0004B78146863F3450414600A78012A05D1CA
:1062000014308978026861F38712026010BC70470D
:1062100010B4554AC0B252F8202012F108000B7891
:10622000046863F3451404600878002806D112F16D
:1062300008008B68046863F3C914046012F130002D
:106240004B78046863F30404046012F130008B7827
:10625000046863F30C24046012F13000CB78046806
:1062600063F31444046012F130000B79046863F3A3
:106270001C64046012F134004B79046863F3040475
:10628000046012F134008979026861F30C22026023
:1062900010BC70473449C0B251F820000830016882
:1062A00051F00101016070472F4AC0B252F820003E
:1062B0002430026861F31852026070472A4AC0B263
:1062C00052F820002430026861F3134202607047E4
:1062D000254AC0B252F820001030C9B2026861F3FA
:1062E00004120260704770B4204B0400E4B253F80B
:1062F0002430D2B2002A15D11D4C0200D2B254F87B
:1063000022501C4A0E00F6B252F826201543C0B2A5
:1063100044F820501A691948C9B250F821000243C4
:106320001A6114E01C69154A0D00EDB252F82520DF
:1063300094431C610E4A0300DBB252F823300D4C2B
:10634000C9B254F821108B43C0B242F8203070BC5F
:106350007047064AC0B252F82000064AC9B252F845
:106360002110C16070470000149D00001C9D0000BA
:10637000600C0020E09A0000FC0A0020C89A00008F
:1063800038B504000D000021200000F0BCF9010028
:10639000C9B200290CD16068400810F4E070EDB279
:1063A00015F03F0505432A000021200000F001FA06
:1063B000C0B232BD38B504000D000021200000F04D
:1063C000A2F90100C9B200290ED1606840F23F1164
:1063D00011EA5001EDB2AD0115F0C0050D432A00E0
:1063E0000021200000F0E5F9C0B232BD38B504004C
:1063F0000D000021200000F086F90100C9B200293B
:106400000CD16068C0F34700EDB22D0215F4807521
:1064100005432A000021200000F0CBF9C0B232BDB4
:1064200038B504000D000121200000F06CF90100D6
:10643000C9B200290CD16068400810F4F070EDB2C8
:1064400015F01F0505432A000121200000F0B1F9D5
:10645000C0B232BD38B504000D000121200000F0AB
:1064600052F90100C9B200290CD16068C0F34400A0
:10647000EDB26D0115F4F07505432A0001212000ED
:1064800000F097F9C0B232BD38B504000D0002210A
:10649000200000F038F90100C9B200290CD1606871
:1064A000400810F4E070EDB215F03F0505432A00F6
:1064B0000221200000F07DF9C0B232BD38B50400E1
:1064C0000D000221200000F01EF90100C9B20029D0
:1064D0000ED1606840F23F1111EA5001EDB2AD01FA
:1064E00015F0C0050D432A000221200000F061F9DB
:1064F000C0B232BD38B504000D000221200000F00A
:1065000002F90100C9B200290CD16068C0F347004C
:10651000EDB22D0215F4807505432A0002212000FA
:1065200000F047F9C0B232BD38B504000D000321B8
:10653000200000F0E8F80100C9B200290CD1606821
:10654000400810F4F070EDB215F01F0505432A0065
:106550000321200000F02DF9C0B232BD38B504008F
:106560000D000321200000F0CEF80100C9B200297F
:106570000ED1606840F2DF1111EA5001EDB26D01F9
:1065800015F020050D432A000321200000F011F929
:10659000C0B232BD38B504000D000321200000F068
:1065A000B2F80100C9B200290CD16068C0F34500FF
:1065B000EDB2AD0115F4E07505432A00032120007A
:1065C00000F0F7F8C0B232BD38B504000D00042168
:1065D000200000F098F80100C9B200290CD16068D1
:1065E000400810F4F070EDB215F01F0505432A00C5
:1065F0000421200000F0DDF8C0B232BD38B504003F
:106600000D000421200000F07EF80100C9B200292D
:106610000CD16068C0F34400EDB26D0115F4F07563
:1066200005432A000421200000F0C3F8C0B232BDA7
:1066300038B504000D000521200000F064F80100C9
:10664000C9B200290CD16068400810F4FC70EDB2AA
:1066500015F0070505432A000521200000F0A9F8E0
:10666000C0B232BD38B504000D000521200000F095
:106670004AF80100C9B200290ED1606840F2C71182
:1066800011EA5001EDB2ED0015F038050D432A0076
:106690000521200000F08DF8C0B232BD38B50400ED
:1066A0000D000521200000F02EF80100C9B20029DC
:1066B0000CD16068C0F34500EDB2AD0115F4E07592
:1066C00005432A000521200000F073F8C0B232BD56
:1066D000010089B290EA1120010089B290EA1110FC
:1066E000010089B290EA9100010089B290EA51005C
:1066F00010F00100704701B49DF80000002800D0A0
:10670000FEE701B0704738B504000D00A06800280E
:1067100001D1012000E00020C0B2FFF7ECFF2069AA
:10672000002801D1012000E00020C0B2FFF7E3FF04
:10673000E068002801D1012000E00020C0B2FFF78E
:10674000DAFF002020602000016865F3CF2101609E
:106750002000016831F480610160200001686FF35E
:1067600049010160206880B2FFF7B2FF002804D120
:106770002000016851F001010160206880B2A16829
:106780008847002801D1012011E0206980470128B5
:106790000CD1E06880476060606880B2FFF798FFC6
:1067A000012801D1002002E0032000E00220C0B255
:1067B00032BD70B504000E001500A068002801D19C
:1067C000012000E00020C0B2FFF795FF20690028FB
:1067D00001D1012000E00020C0B2FFF78CFFE0688B
:1067E000002801D1012000E00020C0B2FFF783FFA4
:1067F000002020602000016866F3CF2101602000A6
:10680000016851F4806101602000016865F349016D
:106810000160206880B2FFF75BFF002804D12000F0
:10682000016851F001010160206880B2A1688847C9
:10683000002801D101202CE020698047012827D1C0
:10684000E06880476060606880B2FFF741FF012820
:106850001CD13000C0B20B38032803D33000C0B2C3
:106860001B2801D1002014E03100C9B22000FFF73D
:106870004AFF0100C9B200290BD16068C0F348008B
:10688000A84201D1002004E0042002E0032000E03F
:106890000220C0B270BDFEE710B592B00EA8BE498E
:1068A000102200F09FF9BD4800680390BC480068C2
:1068B0000290BC4800680190BB48006800900BA89B
:1068C000BA4991E81C0080E81C00B948D0E90023CF
:1068D000CDE90623B748D0E90023CDE9042308A871
:1068E000B54991E81C0080E81C0004A80A908820A3
:1068F00000F0BCF9882000F0D4F900221121022018
:10690000FEF79CFF002210210220FEF797FF0022D5
:106910000F210220FEF792FF00220E210220FEF737
:106920008DFF0020FFF7F2FB0EA90020FFF704FC0B
:1069300004210020FFF7B8FC03210020FFF7BEFC74
:1069400003A90020FFF746FC02A90020FFF742FC44
:1069500001A90020FFF73EFC69460020FFF73AFC42
:10696000012200210020FFF7BEFC0BA90020FFF749
:106970004FFC02210020FFF7ECFC0020FFF78AFC0F
:1069800001210020FFF7A4FC06A9002000F02EFA48
:10699000012208A9002000F007FB0121002000F0DF
:1069A00019FA002000F053FA844908680830026898
:1069B00032F010020260086814300C22036862F39F
:1069C0004503036008681030026852F00402026058
:1069D00008682830026852F0010202600868C06846
:1069E000C0F380000028F9D008681030026832F047
:1069F0000402026008680C30026852F0040202606F
:106A000008680830026852F01002026003E008686B
:106A1000006AC003C00B0868406A10F01F0FF6D16F
:106A200012B010BD18B591B00DA86549102200F044
:106A3000D9F8644800680290634800680190634890
:106A4000006800908C2000F011F98C2000F029F9EA
:106A500000220E210120FEF7F1FE00220F2101206D
:106A6000FEF7ECFE002210210120FEF7E7FE0120D8
:106A7000FFF74CFB0DA90120FFF75EFB032101206E
:106A8000FFF712FC02210120FFF718FC02A90120E8
:106A9000FFF7A0FB01A90120FFF79CFB694601203D
:106AA000FFF798FB012200210120FFF71CFC0AA838
:106AB000474991E81C0080E81C000AA90120FFF763
:106AC000A7FB02210120FFF744FC0120FFF7E2FBB6
:106AD00001210120FFF7FCFB3E48D0E90023CDE96E
:106AE00005233D48D0E90023CDE9032307A83B490E
:106AF00091E81C0080E81C0003A8099005A901206A
:106B000000F074F9012207A9012000F04DFA0121DB
:106B1000012000F05FF9012000F099F93049086880
:106B20000830026832F010020260086814300C224B
:106B3000036862F34503036008681030026852F08E
:106B40000402026008682830026852F00102026004
:106B50000868C068C0F380000028F9D008681030C9
:106B6000026832F00402026008680C30026852F0D9
:106B70000402026008680830026852F010020260E5
:106B800003E00868006AC003C00B0868406A10F0A0
:106B90001F0FF6D112B010BDFC9B0000C0A3000077
:106BA000C4A30000C8A30000CCA300009C9C00006C
:106BB000249D00002C9D0000B49C000000000020DB
:106BC0000C9C0000D0A30000D4A30000D8A30000B8
:106BD000A89C0000349D00003C9D0000C09C00006B
:106BE00004000020103A07D330B4B1E83810103A4E
:106BF000A0E83810F9D230BC530724BFB1E8081020
:106C0000A0E8081044BF51F8043B40F8043BD20709
:106C100024BF31F8022B20F8022B44BF0B780370FD
:106C20007047121F17D35B0009D151F8043B20F8BD
:106C3000023B1B0C121F20F8023BF6D20BE051F86E
:106C4000043B00F8013B1B0A20F8023B1B0C121FFF
:106C500000F8013BF3D238BF121D521E24BF11F8B9
:106C6000013B00F8013BF8D87047FEE7C0B21B4972
:106C7000800851F820100868C00F002802D05FF08B
:106C8000B64008600800026832F400120260080092
:106C9000026852F400120260086850F00040086078
:106CA0007047C0B20D49800851F820100868C00F25
:106CB000002802D05FF0B640086008000122036897
:106CC00062F3010303600800026852F400120260DC
:106CD000086850F0004008607047000048940000C9
:106CE000F8B50400DFF818032100C9B250F82150AC
:106CF0002E6916F03F06E86806402E61002720E066
:106D0000EA6851F827008243EA6019E0DFF8F412DC
:106D100051F82700064213D01C22DFF8EC32200085
:106D2000C0B25043184450F827000028E8D0200093
:106D3000C0B202FB00F203EB020050F827008047CC
:106D40007F1C062FE2D3BFF34F8FF1BD38B5DFF8BC
:106D5000BC120200D2B251F82220DFF8A4120300C4
:106D6000DBB251F82330DFF89C421D69E1690D4028
:106D7000A1690D4217D0A1691961DFF88C321C247A
:106D80000100C9B2614319448969002905D0C0B224
:106D9000604318448069804705E012F10C000168E7
:106DA00031F480710160BFF34F8F31BD80B5002099
:106DB000FFF796FF01BD80B50020FFF7C7FF01BDBB
:106DC00080B50120FFF78CFF01BD80B50120FFF7E2
:106DD000BDFF01BDDFF83422C0B252F820000830F8
:106DE000C9B2026861F300020260704710B4DFF8B4
:106DF0001C22C0B252F8200010F114020B88146853
:106E000063F30F04146010F108028B78146863F3C5
:106E10004514146010F10802CB78146863F30A2457
:106E2000146010F108020B79146863F30414146001
:106E300010F108024B79146863F31554146008309C
:106E40008979026861F38612026010BC704781B0D4
:106E5000DFF8B811C0B251F82020012000210091C4
:106E600012F108010B6853F480330B6002E00099C3
:106E7000491C0091009942F21073994205D2916821
:106E8000C1F300410029F2D10020C0B201B0704727
:106E9000DFF87811C0B251F820000830016851F4D1
:106EA000003101607047DFF86431C0B253F8200050
:106EB000C9B2002908D0022914D00CD304291FD04C
:106EC00017D3052923D029E00C30D2B2016862F330
:106ED0001041016022E00C30D2B2016862F35141EE
:106EE00001601BE00C30D2B2016862F39241016094
:106EF00014E00C30D2B2016862F3D34101600DE0BE
:106F00000C30D2B2016862F31451016006E00C301B
:106F1000D2B2016862F355510160FFE770473B4B05
:106F2000C0B253F82030C9B22820414303EB01001E
:106F30004030016862F3090101607047F0B4304BE2
:106F4000C0B253F82030147828250800C0B2684336
:106F50001844C669107901280ED10800C0B26843F0
:106F600003EB000792F804C014F108001CFA00FCBF
:106F70005CEA0606FE610DE00800C0B2684303EB60
:106F800000075FF0010C14F108001CFA00FC36EA5F
:106F90000C06FE61C9B2694303EB010000EB8400FB
:106FA00051880162F0BC70477CB504000D001600EA
:106FB0006A8892B229782000C0B2FFF7B0FF0020A3
:106FC0008DF800000FE0A9689DF8002006204243DC
:106FD0000A4429782000C0B2FFF7B0FF9DF80000F6
:106FE000401C8DF800009DF8000029798842EAD302
:106FF0003200D2B229782000C0B2FFF754FF73BD2F
:10700000749D0000289A0000C40A00206C9D0000B6
:10701000F8B50400DFF8A4022100C9B250F82150ED
:10702000DFF89C022100C9B250F82160DFF89472A9
:1070300070692100C9B247F821006868C0F30020D8
:1070400000281DD02000C0B257F82000400417D5FA
:107050002821DFF874222000C0B248431044C069E0
:10706000002808D02000C0B201FB00F102EB0100B3
:10707000C069804704E0281D016831F48071016017
:107080006868C0F3402000281DD02000C0B257F827
:107090002000000417D52821DFF82C222000C0B2E0
:1070A00048431044006A002808D02000C0B201FB09
:1070B00000F102EB0100006A804704E0281D01682E
:1070C00031F4007101606868C0F3800000281ED0B0
:1070D0002000C0B217F8200010F09E0F17D0282112
:1070E000DFF8E4212000C0B2484310448068002843
:1070F00008D02000C0B201FB00F102EB0100806863
:10710000804704E0281D016831F0040101606868CF
:10711000C0F3802000281DD02000C0B257F8200006
:10712000800517D52821DFF8A0212000C0B24843F0
:107130001044406A002808D02000C0B201FB00F1D2
:1071400002EB0100406A804704E0281D016831F429
:1071500080610160A86810F00F00002800F08B80AB
:1071600002281CD0042804D007284ED00C2867D051
:107170009CE02821DFF850212000C0B2484310587D
:10718000002806D02000C0B201FB00F15058804713
:1071900004E0281D016849084900016086E0706824
:1071A00010F08200822817D12821DFF81C2120004E
:1071B000C0B2484310440069002808D02000C0B283
:1071C00001FB00F102EB0100006980471CE07068E0
:1071D00030F08200706017E02821DFF8EC202000FA
:1071E000C0B2484310444068002808D02000C0B214
:1071F00001FB00F102EB01004068804704E0281D1C
:10720000016831F00201016050E0F06F0090282128
:10721000DFF8B4202000C0B2484310444069002881
:1072200008D02000C0B201FB00F102EB0100406970
:10723000804704E0281D016849084900016035E0E5
:107240002821DFF884202000C0B248431044806920
:10725000002808D02000C0B201FB00F102EB0100C1
:107260008069804704E0281D0168490849000160E1
:10727000306800901AE0B06900902821DFF84820BB
:107280002000C0B248431044C068002808D0200045
:10729000C0B201FB00F102EB0100C068804704E0CE
:1072A000281D016831F008010160FFE70020E4B209
:1072B00047F82400BFF34F8FF1BD0000109B000082
:1072C000289B0000F80B00209806002080B50020C5
:1072D000FFF79EFE01BD80B50120FFF799FE01BDBD
:1072E00080B50220FFF794FE01BD80B50320FFF7B3
:1072F0008FFE01BD80B50420FFF78AFE01BD80B579
:107300000520FFF785FE01BD38B504000D002A7881
:1073100012F001026878400010F002000243A878E1
:10732000C00010F008000243E878000210F48070FA
:10733000024306212000FFF73CFA0100C9B20029F0
:1073400029D12A7912F001026879400010F0020078
:107350000243A879800010F004000243E879C000DD
:1073600010F008000243287A000110F010000243D8
:10737000687A400110F020000243A87A800110F0E2
:1073800040000243E87A000210F4807002430721B3
:107390002000FFF70EFAC0B232BD38B504000D0070
:1073A0002A7812F001026878400010F002000243CF
:1073B000A878800010F004000243E878C00010F0C4
:1073C000080002432879000110F010000243687998
:1073D000400110F020000243A879800110F0400025
:1073E0000243E879C00110F080000243287A0002CD
:1073F00010F48070024308212000FFF7DAF9010041
:10740000C9B2002958D16A7A12F00102A87A400064
:1074100010F002000243E87A800010F004000243FA
:10742000287BC00010F008000243687B000110F0C8
:1074300010000243A87B400110F020000243E87BCB
:10744000800110F040000243287CC00110F0800051
:107450000243687C000210F480700243092120007E
:10746000FFF7A7F90100C9B2002925D1AA7C520073
:1074700012F00202E87CC00010F008000243287DF0
:10748000000110F010000243687D400110F0200060
:107490000243A87D800110F040000243E87DC00156
:1074A00010F080000243287E000210F48070024336
:1074B0000A212000FFF77DF9C0B232BD2DE9F84363
:1074C0008046894617000025002600220B214046F1
:1074D000FFF76FF904002000C0B2002844D1D8F8AB
:1074E0000400C9F800000020386098F8040010F08B
:1074F0000C0F0DD00B214046FFF705F904002000CA
:10750000C0B2002804D1D8F80400C0F348003860A5
:1075100098F8040010F0120F10D00C214046FFF72D
:10752000F2F805002800C0B2002807D1D8F80400FE
:10753000C0F34800396851EA40213960D8F80400A6
:1075400010F4187F10D00D214046FFF7DCF806003C
:107550003000C0B2002807D1D8F80400C0F34800BA
:10756000396851EA804139602000C0B200280CD14E
:107570002800C0B2002801D02C0006E03000C0B2C4
:10758000002801D0340000E000242000C0B2BDE893
:10759000F283FEE780B500F0E3F948F6A1418842A6
:1075A00001D300F0D3F901BD10B4854B02E01C6A91
:1075B000E403E40B5C6A14F01F0FF8D1814B1C68E4
:1075C0002405240D046058680005000D08609868C3
:1075D0000005000D106010BC70477B48416B51F0F6
:1075E0000101416370477848416B49084900416394
:1075F000704770B4744C230013F15C052E6860F37F
:107600000F062E6013F16400056861F30F05056035
:1076100013F16C00016862F30F010160D4F8A0005F
:1076200050F4E060C4F8A00070BC70476748684937
:107630004161704710B504002079C00724D5207837
:10764000401C2070634800F04DFA0120FFF720FC39
:107650002078C00713D42078800702D5FFF79AFF5F
:107660000DE0207840070AD42078000707D420785E
:10767000C00604D42078800601D420784006201D5E
:10768000016849084900016010BD000080B572B66C
:1076900000F09EFA00F048FB00F076FBFFF7FCF8E4
:1076A0000FF2390000F044FCFFF7BCF900F082FC57
:1076B0000FF2B100FDF76EFE00F0CCFC0FF2E90016
:1076C00000F0D8FC00F0FEFC00F016FD00F02CFDF0
:1076D00062B64048FFF7AEFFFBE7000010B53E4C36
:1076E00014F1E00214F1DC0114F1D800FFF75CFFA3
:1076F00042F20201D4F8E420D4F8D800121A4A4326
:10770000920AC4F8C420D4F8E820D4F8DC00121A95
:107710004A43920AC4F8C820D4F8EC20D4F8E00018
:10772000121A01FB02F1890AC4F8CC10200000F003
:107730003EFD6068C0F3400000280ED014F1AC009C
:10774000FDF784FBD4F81421D4F81011D4F80C01FF
:10775000FFF74FFFFFF741FF01E0FFF744FFFFF79F
:1077600065FF10BD10B5FFF73EFF00F023FE00F0EF
:1077700059FE1A481A4981601A49C1601A490161C3
:107780001A4C22001A49FFF799FE002807D12068F9
:10779000002804D01048816851F002018160102156
:1077A0000120FBF705FA10BD80B50A4800F000FA89
:1077B000094800F081FE002000F0CCFF01BD000070
:1077C00000B00340240B002000A0014000800040D6
:1077D00080808000D003002020000020100C0020BA
:1077E000658400008984000095840000A80C0020B6
:1077F000A40C0020DFF800F00100FE1F81B0DFF8CC
:10780000DC01026800200090002002E00099491C81
:1078100000919168C1F30061002904D10099B1F58C
:10782000801FF3D30120C0B201B0704707B44948AC
:1078300049494A4A0160026007BC7047F8B5050033
:10784000DFF898010168DFF8980106680020B76842
:107850008968C1F38011002900D101200100C9B25B
:10786000002944D1DFF87C010740687B000410F454
:10787000E0200743287B000210F44070074328787B
:10788000400110F020000743A878C00010F0080065
:1078900007436878800010F004000743E878400050
:1078A00010F002000743EFF31084002C00D172B6F1
:1078B000FFF7BCFFB760FFF7A1FF0100C9B20029C5
:1078C00012D1FFF7B3FFA868F060FFF797FF010040
:1078D000C9B2002908D12978012905D1FFF7A6FFEF
:1078E00068683061FFF78AFF002C00D162B6C0B231
:1078F000F2BD000038B539480568EFF31084002C5C
:1079000000D172B6FFF792FF15F10800016851F03F
:1079100001010160002C00D162B6FFF76FFF32BD9C
:1079200038B52E480568EFF31084002C00D172B6EC
:10793000FFF77CFF15F10800016849084900016064
:10794000002C00D162B6FFF759FF32BD80B5FFF7BA
:1079500051FF01BD14200540C4A1D9B00F3B1E1A30
:107960001E4800684069704770B50D001C490E68DC
:10797000EFF31084002C00D172B6B1681B4AC0B27C
:1079800052F820008143EDB26D1C2D0115F0100559
:107990000D43FFF74BFFB560002C00D162B6FFF737
:1079A0002DFF70BD10B5EFF31084002C00D172B61E
:1079B0000F490868002801D008688047BFF34F8F3F
:1079C000FFF734FF064908688268074800680243E9
:1079D00008688260002C00D162B610BD48A4000087
:1079E0004CA40000D1FCF8FF849D00007C9D0000A9
:1079F000A00C00203848416851F0010141607047F7
:107A00003548416849084900416070473249C1F82A
:107A1000D4018864C1F8980070472F49C1F8D80193
:107A200070472D49C1F8BC005FF0807292FBF0F204
:107A3000C1F8C020C1F8E001C1F8500270472648E3
:107A400080687047002024498860704738B504007A
:107A50002248C1680905090D14F10C00FDF7B9FBB6
:107A60001F4D69680905090D14F11C00FDF7B1FBF4
:107A700029680905090D14F12C00FDF7AAFBA96876
:107A80000905090D14F13C00FDF7A3FB31BD10B54C
:107A900004001248C0680005000DE060104841680D
:107AA0000905090DE16101680905090DE1628068B8
:107AB0000005000DE06314F10C00FDF78EFB14F1DE
:107AC0001C00FDF78AFB14F12C00FDF786FB14F176
:107AD0003C00FDF782FB10BD20000020240B00209D
:107AE000440B002010B504002000FFF7D0FF012058
:107AF000FFF78CFF206942F202014843800AFFF73A
:107B000090FF40F6B830FFF788FFFFF798FF002896
:107B100005D014F10800016851F00101016060789E
:107B2000002805D0022824D011D3032833D03EE00A
:107B3000606E401C6066606E216E884206D3002035
:107B400060662000FFF782FF012060702FE0A068D0
:107B5000002804D0FFF754FF0320607008E060683D
:107B6000C0F34000002803D0FFF744FF02206070FC
:107B70001DE0A068002804D0FFF742FF03206070DA
:107B800008E06068C0F34000002803D1FFF738FF29
:107B9000012060700BE06068C0F34000002805D150
:107BA0000020A060FFF74EFF01206070FFE710BDCE
:107BB0000179C90705D4001D016851F00101016078
:107BC00004E00830016851F0020101607047FEE7EF
:107BD0001FB56846534991E81C0080E81C0000204E
:107BE000FFF75FF8FFF79CFE002201210120FCF760
:107BF0009CF90120FCF767FA6846FCF77FFA012040
:107C0000FCF72CF9042000F0B5FD0320FCF7D5F9B2
:107C100000218520FCF7DFFA01218620FCF7DBFA42
:107C200005211C20FCF7A3FB01211C20FCF7D3FA43
:107C30001C20FFF736F805212020FCF798FB0121D6
:107C40002020FCF7C8FA2020FFF72BF80421882019
:107C5000FCF78DFB00218820FCF7BDFA8820FFF798
:107C600005F88820FFF71DF804218C20FCF77FFB26
:107C700000218C20FCF7AFFA8C20FEF7F7FF8C2058
:107C8000FFF70FF805212420FCF771FB01212420C8
:107C9000FCF7A1FA2420FFF704F805212820FCF7BF
:107CA00066FB01212820FCF796FA2820FEF7F9FF51
:107CB0000421C420FCF75BFBC420FEF7F2FFA820E0
:107CC000FEF7D4FFA820FEF7ECFFAC20FEF7CEFFB6
:107CD000AC20FEF7E6FF0421B020FCF748FBB02003
:107CE000FEF7DFFF0421B420FCF741FBB420FEF7D0
:107CF000D8FF0421B820FCF73AFBB820FEF7D1FFEB
:107D00000421BC20FCF733FBBC20FEF7CAFF042192
:107D1000C020FCF72CFBC020FEF7C3FFD020FEF7ED
:107D2000C0FF1FBDCC9C000080B501220A210020AD
:107D3000FDF784FD00220A210020FDF7AEFD01229F
:107D40000A210020FDF7E6FD01220B210420FDF7AA
:107D500075FD00220B210420FDF79FFD00220B2161
:107D60000420FDF7D7FD012203210420FDF766FD65
:107D7000002203210420FDF790FD002203210420AE
:107D8000FDF7C8FD01BDFEE77CB50026012400F02B
:107D900011FB00F047FB5E4D5E48A8605E48E8605E
:107DA0005E48286100E0761C6A4601A92800FFF7BA
:107DB00085FB002804D0300080B20B28F3D30024C8
:107DC000002C00F09D800026554C2178280000F002
:107DD000A9FD002800D0761C6178280000F01EFD67
:107DE000002800D0761CA178280000F041FD002872
:107DF00000D0761CE178280000F067FD002800D054
:107E0000761C484C21782800FEF7BAFA002800D0EA
:107E1000761C61782800FEF7CDFA002800D0761C89
:107E2000A1782800FEF7E2FA002800D0761CE1785D
:107E30002800FEF7F5FA002800D0761C21792800EA
:107E4000FEF708FB002800D0761C61792800FEF7B9
:107E50001BFB002800D0761CA1792800FEF72EFB22
:107E6000002800D0761CE1792800FEF743FB0028AB
:107E700000D0761C217A2800FEF756FB002800D09F
:107E8000761C617A2800FEF769FB002800D0761C7A
:107E9000A17A2800FEF77EFB002800D0761CE17A4C
:107EA0002800FEF791FB002800D0761C217B2800DB
:107EB000FEF7A4FB002800D0761C617B2800FEF7AB
:107EC000B7FB002800D0761CA17B2800FEF7CAFB78
:107ED000002800D0761CE17B2800FEF7DFFB00289D
:107EE00000D0761C10492800FFF70EFA002800D0B9
:107EF000761C0E492800FFF750FA002800D0761CA7
:107F0000B6B2002E01D1012000E0002076BD00BFF6
:107F1000100C002065840000898400009584000016
:107F200050A400008C9C0000089D0000909A000066
:107F300010B588B0040000208DF8000058208DF89E
:107F4000030000208DF80100002201210020FCF731
:107F5000A8FC012200210020FCF7A3FC2200012143
:107F60000020FCF7EEFC36480190364802900120D4
:107F7000ADF818000020ADF80C000420ADF80E009C
:107F80000020ADF810007FF00F00ADF812000220C5
:107F90008DF81A0002208DF81B001020059000209B
:107FA0008DF81C006846FCF7D8FC0020FCF76CFC40
:107FB00008B010BD00B589B023480068009068463D
:107FC000FCF74BFC01208DF8040059208DF80700C8
:107FD00001208DF80500012201210120FCF761FC40
:107FE000012200210120FCF75CFC1848029018488F
:107FF00003900120ADF81C000020ADF81000042013
:10800000ADF812000020ADF814007FF00B00ADF8C1
:10801000160002208DF81E0002208DF81F000C2093
:10802000069000208DF8200003208DF8060001A89E
:10803000FCF793FC0120FCF727FC09B000BD000011
:1080400020B00340240B0020DCA30000207002407D
:10805000440B002080B5122000F09BFC12214F2021
:1080600000F076FC0121122000F07EFC122000F0CE
:1080700086FC01BD1FB5040068461D491022FEF7AD
:10808000B1FD05210820FCF772F90820FEF709FE72
:108090006946002000F0ABFA002000F044FB22000B
:1080A0000021002000F09BFA002000F053FB00208C
:1080B00000F02EFB0121002000F040FB012000F029
:1080C00027FB1FBDF8B568460A491022FEF78AFD56
:1080D00005210820FCF74BF90820FEF7E2FD694670
:1080E000012000F084FA012000F01DFB05B000BD66
:1080F0001C9C00002C9C000080B50221B52000F0E3
:1081000064FC0121002000F060FC0021C52000F08B
:108110005CFCB52000F04AFC002000F047FCC520C4
:1081200000F044FC01BDFEE7F8B503208DF80C001B
:1081300000208DF8010000208DF8020000208DF84D
:10814000030001208DF800000948029048F6A04085
:10815000019004208DF80D006846FFF76FFB0121A8
:108160000020FFF701FCFFF7C5FB05B000BD00BF15
:10817000801A060010B5040014F10C00FCF7FCFD99
:1081800014F15C00FCF715FE14F5B070FCF770FFFD
:1081900014F50070FCF7BDFF14F51E7000F02EFC06
:1081A00014F5447000F0E2FC0120607010BD10B5C1
:1081B0000400A068002804D0201D01684908490077
:1081C0000160207800280AD0022869D012D3042840
:1081D00078D06ED3062800F0E9807CD3E7E0201D3C
:1081E000016831F0020101602000FFF7C3FF0120A8
:1081F0002070DCE02079C00745D56D480168491C36
:1082000001600168152928D30021016094ED390A25
:10821000B8EEC00AF3EE040A80EE200ABDEEC00AF2
:1082200084ED390A94ED3A0AB8EEC00AF3EE040A76
:1082300080EE200ABDEEC00A84ED3A0A94ED3B0AB6
:10824000B8EEC00AF3EE040A80EE200ABDEEC00AC2
:1082500084ED3B0A0220207021E0D4F8E410D4F829
:10826000D8004118C4F8E410D4F8E810D4F8DC00C1
:108270004118C4F8E810D4F8EC10D4F8E000411824
:10828000C4F8EC100BE00020C4F8E4000020C4F8AF
:10829000E8000020C4F8EC0000204549086086E0B2
:1082A0002079C00702D50320207001E00020207053
:1082B0007DE02079C00702D50420207001E0002075
:1082C000207074E02079C00702D50520207001E0FD
:1082D000002020706BE02079C0075FD514F1AC005E
:1082E000FCF77AFDD4F8F400C4F8C802D4F8F8001A
:1082F000C4F8CC02D4F8F001C4F8D002D4F80401D8
:10830000C4F8C002D4F80801C4F8C40214F51E7001
:1083100000F086FB6078002805D002280CD003D33B
:10832000032811D018E017E014F1AC0014F52C71FB
:108330001022FEF757FC0FE014F1AC0014F52C717D
:108340001022FEF74FFC07E014F1AC0014F52C717D
:108350001022FEF747FCFFE714F1AC00FCF750FDDC
:10836000D4F8FC00C4F85C02D4F80001C4F8600240
:1083700014F50070FCF7D9FED4F86C02C4F8D000F4
:10838000D4F87002C4F8D40014F1AC00FCF74BFD33
:10839000201D016851F00201016006E0201D016806
:1083A00031F0020101600020207000E0FFE710BD05
:1083B0008C0C002080B586B0684619491822FEF75B
:1083C00011FC072202210020FDF738FA07220321C1
:1083D0000020FDF733FA032202210320FDF72EFAD5
:1083E000032203210320FDF729FA04216820FBF76B
:1083F000BEFF0128F9D000216820FBF7ECFE6820C1
:10840000FEF74FFC69460120FDF7F7FB0121012033
:10841000FDF739FC0120FDF72CFC07B000BD000082
:10842000409B000080B5012200210220FDF706FAE2
:10843000012200210220FDF76DFA01220021022015
:10844000FDF778FA012209210320FDF7F7F901224F
:1084500009210320FDF75EFA012209210320FDF71F
:1084600069FA01BD38B50400012501210120FDF79D
:1084700020FC002800D10025A4B221000120FDF736
:108480000CFC280080B232BD80B50120FDF70BFC4A
:1084900080B202BD38B50024012500E0641C032130
:1084A0000120FDF706FC002803D1B4F5807FF5D349
:1084B0000025280080B232BD10B5040020780528C0
:1084C00055D1D4F8A402C4F8DC016078002805D0A6
:1084D000022831D003D303283BD047E047E014F112
:1084E0000C00FCF75CFC0020C4F85402A16CE069AD
:1084F0004143C4F85812D4F8DC011E2818DBD4F824
:10850000A403401CC4F8A403D4F8A403C82812D3BD
:10851000D4F8581214F5B070FCF76FFED4F8DC11E3
:108520000A3114F5D870FCF72BFE0220607002E0CF
:108530000020C4F8A4031AE014F5B070FCF7A9FDFC
:10854000D4F8F001C4F85402D4F8F401C4F8580285
:108550000DE014F5B070FCF79CFDD4F8F001C4F800
:108560005402D4F8F401C4F8580200E0FFE710BD4B
:1085700010B500242AE0086800EB8400243001686C
:1085800031F40051016020E07849086800EB840074
:10859000406AC0F3C0300A6802EB8402526A10EAF3
:1085A000523010F001000A6802EB84022432136892
:1085B00060F3CF331360002807D06D4A52F82400CF
:1085C0000028D8D052F824008047641C042CDBD348
:1085D000BFF34F8F10BD80B5FFF7CAFF01BD644BDD
:1085E000C0B203EB8000C9B240F82120704730B41C
:1085F0005E4B1A680400E4B202EB840224320C7869
:10860000156864F38A2515600A78002A34D14A680F
:108610001C680500EDB204EB850414342568226063
:108620001A680400E4B202EB840224320C7A156862
:1086300064F3CB2515601A680400E4B202EB8402EF
:1086400024324C7A156864F3010515601A68040039
:10865000E4B202EB840224324C7B156864F3861585
:1086600015601A68C0B202EB80002430097B0268F2
:1086700061F38502026049E04A681C680500EDB2BA
:1086800004EB85041434256822601A680400E4B2FF
:1086900002EB840224320C7A156864F3CB25156052
:1086A0001A680400E4B202EB840224324C7A1568A2
:1086B00064F3010515601A680400E4B202EB840259
:1086C00024328C7A156864F3092515601A68040051
:1086D000E4B202EB84022432CC7A156864F3C71545
:1086E00015601A680400E4B202EB840224324C7B69
:1086F000156864F3861515601A68C0B202EB800035
:108700002430097B026861F38502026030BC704747
:1087100016490968C0B201EB80002430016851F4A9
:1087200080410160704711490968C0B201EB8000C7
:108730002430016831F48041016070470B4A1268AF
:10874000C0B202EB80002430C9B2026861F34D323E
:108750000260704705490968C0B201EB800024300F
:10876000016851F4004101607047000038A4000026
:10877000340C0020DFF89410096808310A6860F3AF
:1087800003020A607047000080B520480068001DA1
:10879000016831F0800101601F490868002801D09C
:1087A00008688047BFF34F8F01BD000038B5002037
:1087B000174C2068056815F440352068406805406E
:1087C00020680560E8030DD513494868002802D0E9
:1087D0004868804706E0206841680E484068814349
:1087E00020684160A8030DD50B498868002802D095
:1087F0008868804706E020684168064880688143B1
:1088000020684160BFF34F8F31BD000008A4000015
:108810000CA400003C9C0000540C002038B504005F
:108820000D000E212000FDF76EFF0100C9B20029E6
:108830001CD12800C0B2022806D16268520812F486
:10884000FE7252F002020DE0EDB2012D06D1626817
:10885000520812F4FE7252F0010203E062685208FC
:1088600012F4FE720E212000FDF7A3FFC0B232BD4C
:1088700038B504000D000E212000FDF744FF010073
:10888000C9B200291FD12800C0B2022807D16068F0
:1088900040F2F31212EA500252F008020FE0EDB279
:1088A000012D07D1606840F2F31212EA500252F033
:1088B000040204E0606840F2F31212EA50020E2152
:1088C0002000FDF776FFC0B232BD38B504000D00C0
:1088D0000E212000FDF717FF0100C9B200291FD1AA
:1088E0002800C0B2022807D1606840F2CF1212EA15
:1088F000500252F020020FE0EDB2012D07D1606866
:1089000040F2CF1212EA500252F0100204E0606806
:1089100040F2CF1212EA50020E212000FDF749FF6B
:10892000C0B232BD38B504000D000E212000FDF7A5
:10893000EAFE0100C9B2002908D1EDB2ED0115F43B
:10894000C0752A000E212000FDF733FFC0B232BDF2
:10895000144A1268C9B202EB81010A68120C1204AF
:10896000C0B21043086070470E4A1268C0B202EBF2
:108970008000C9B2026861F3104202607047094981
:108980000968C0B201EB8000016851F0004101604C
:1089900070475FF0B641044A1268C0B242F8201036
:1089A000704700003CA4000040A40000010009B290
:1089B000002909D4012210F01F018A400D490968DD
:1089C00000B2400941F820207047020012B2002A8C
:1089D00007D40901074A126800B2104480F8001356
:1089E00007E00901044A126800B210F00F001044B9
:1089F0000175704714A4000010A4000010B5040015
:108A000000212000FCF7F9FB002114F12800FCF7FD
:108A1000E0FB0020A0630020A0670020E06710BDFD
:108A200010B50400A16CD4F88820206D4243B1EB4E
:108A3000A231E165E16CD4F88820606D4243B1EB6E
:108A4000A2312166A16FD4F89020206D4243B1EB92
:108A5000A2316166E16FD4F89020606D4243B1EBC2
:108A6000A231A166616E606E4143A26EA06E424368
:108A7000921312EBA132D4F88C10A06D41438913EC
:108A8000D4F88C30A06D43439B135943B2EBA13211
:108A9000E266D4F88410626ED4F89430E06E1B1A4B
:108AA0005A439213514389132167D4F88410A26E5C
:108AB000D4F89430E06E1B1A5A4392135143891331
:108AC0006167A16FD4F88020E36D206FC3185A430B
:108AD00011EBA231A167E16FD4F88020236E606FA3
:108AE000C3185A4311EBA231E167A16FD4F890206B
:108AF000206D4243B1EBA2316166E16FD4F8902062
:108B0000606D4243B1EBA231A166A16EE06B4143BF
:108B100089132160616E206C4143891361602000DC
:108B2000FCF774FBE069A06214F12800FCF755FB28
:108B3000A16BD4F88020A06A424311EBA231A1635B
:108B400003E0A06BB0F58050A063A06BB0F5805F30
:108B5000F7DAA06B002804D5A06B10F58050A06355
:108B6000F7E714F13800FCF792FB10BD10B50400D4
:108B700000212000FCF741FB002114F12800FCF744
:108B800028FB0020A0630020A0650020E0650020F5
:108B9000A0660020E06610BD2DE9F0410400002031
:108BA00000200020DFF840022100C9B250F8215017
:108BB000DFF838022100C9B250F821607769DFF888
:108BC0003002C06A07405FF0000831E005EB880022
:108BD0001830016831F01001016027E0380030FAE8
:108BE00008F0C00722D505EB88008069C0F30010AB
:108BF00000281BD006EB8800806930F0200006EBCF
:108C000088018861DFF8EC112C222000C0B25043AB
:108C1000084450F828000028D8D02000C0B202FB39
:108C200000F201EB020050F82800804718F101081B
:108C3000B8F1080FD2D3BFF34F8FBDE8F081000029
:108C400010B50021DFF8A0110200D2B251F82220A5
:108C5000DFF898110300DBB251F82330D96E31F000
:108C60001001D9662C23DFF88C410100C9B25943A9
:108C70002144896A002905D0C0B258432044806A43
:108C8000804705E012F16800016831F040010160A1
:108C9000BFF34F8F10BD000010B50021DFF8481161
:108CA0000200D2B251F82220DFF840110300DBB2FB
:108CB00051F82330596931F4007159612C23DFF8E0
:108CC00034410100C9B259432144496A002905D001
:108CD000C0B258432044406A804705E012F11000BA
:108CE000016831F400710160BFF34F8F10BD0000C7
:108CF00010B50021DFF8F0100200D2B251F82220A6
:108D0000DFF8E8100300DBB251F82330596931F481
:108D1000807159612C23DFF8DC400100C9B259434E
:108D20002144096A002905D0C0B258432044006A92
:108D3000804705E012F11000016831F48071016094
:108D4000BFF34F8F10BD80B50020FFF725FF01BD99
:108D500080B50020FFF774FF01BD80B50020FFF74C
:108D60009BFF01BD80B50020FFF7C2FF01BD80B5AC
:108D70000120FFF711FF01BD80B50120FFF760FF63
:108D800001BD80B50120FFF787FF01BD80B501203F
:108D9000FFF7AEFF01BD80B50220FFF7FDFE01BD6C
:108DA00080B50220FFF74CFF01BD80B50220FFF720
:108DB00073FF01BD80B50220FFF79AFF01BD80B5AA
:108DC0000320FFF7E9FE01BD80B50320FFF738FF60
:108DD00001BD80B50320FFF75FFF01BD80B5032013
:108DE000FFF786FF01BD00006C9C00007C9C00002A
:108DF000189900008807002038B5DFF83811086896
:108E0000046CDFF834010068044008680464DFF88B
:108E10002C51686804420FD0DFF8241148680028FC
:108E200002D04868804707E0DFF818010068001D9D
:108E3000016831F080710160A86804420FD0DFF84A
:108E400000118868002802D08868804707E0DFF8B2
:108E5000F4000068001D016831F000710160E868ED
:108E600004420FD0DFF8D810C868002802D0C868C4
:108E7000804707E0DFF8CC000068001D016831F092
:108E800080610160286904420FD0DFF8B4100869DE
:108E9000002802D00869804707E0DFF8A8000068D2
:108EA000001D016831F000610160686904420FD063
:108EB000DFF88C104869002802D04869804707E035
:108EC000DFF880000068001D016831F0805101600A
:108ED000A86904420FD0DFF868108869002802D022
:108EE0008869804707E0DFF85C000068001D0168C2
:108EF00031F000510160286804420FD0DFF84010C3
:108F00000868002802D00868804707E0DFF83400CE
:108F10000068001D016831F480310160BFF34F8F9C
:108F200031BD80B5FFF768FF01BD80B5FFF764FF75
:108F300001BD000030A40000940C0020089A00003D
:108F4000C40B00202CA4000080B500F005F801BD82
:108F500080B500F001F801BDF8B50020DFF8F4405D
:108F600020688069C00F002805D0DFF8EC00DFF82A
:108F7000EC1009688861DFF8E45028680668DFF8BB
:108F8000E00000680640DFF8DC707868064211D027
:108F90005FF0FF3029680861DFF8CC1048680028CE
:108FA00002D04868804705E02068001D016831F064
:108FB00010010160386806420DD0DFF8AC10086877
:108FC000002802D00868804705E02068001D01687D
:108FD00031F008010160B868064217D028680168BE
:108FE000DFF888000068014051F4006128680160E2
:108FF000DFF874108868002802D08868804705E090
:109000002068001D016831F020010160F868064207
:1090100017D028680168DFF854000068014051F457
:10902000005128680160DFF84010C868002802D0AD
:10903000C868804705E02068001D016831F04001E4
:10904000016020681830016851F000410160BFF3F1
:109050004F8FF1BD24A400000000679820A40000F9
:10906000900C0020D49B0000240C002028A40000B9
:109070002DE9F8430400DFF8F4002100C9B250F8EC
:109080002150002600E0761C3000C0B2042854D2E3
:109090003100C9B22000C0B200F05DF80700DFF86F
:1090A000D0002100C9B2090108443100C9B250F80A
:1090B000210007405FF014083000C0B208FB00F048
:1090C000284447615FF0000912E03000C0B208FB9D
:1090D00000F005EB00013000C0B208FB00F02844AE
:1090E0004269DFF8900050F8290082434A6121E08C
:1090F000B9F1040FC7D2DFF8800050F82900074209
:1091000018D0DFF878102000C0B280010844320087
:10911000D2B21201104450F829000028D5D0200006
:10912000C0B2800108443100C9B20901084450F8B6
:109130002900804719F10109DAE7BFF34F8FBDE835
:10914000F18380B50020FFF793FF01BD80B50120BA
:10915000FFF78EFF01BD054AC0B252F82020C9B208
:109160001420414302EB010040697047549D000008
:10917000A40B0020C09B0000AC9B00004009002015
:1091800038B5DFF8F01008680469DFF8EC00006813
:109190000440DFF8E82010680068C00F002803D002
:1091A000DFF8DC000B68186008680461106801686B
:1091B00051F000410160DFF8CC50286804420BD028
:1091C000DFF8C4100868002802D00868804703E070
:1091D0000121002000F012F8686804420BD0DFF88B
:1091E000A8104868002802D04868804703E00121A1
:1091F000012000F003F8BFF34F8F31BD30B41F4B97
:109200001A681268D20F002A03D01D4A194C24682C
:109210002260C9B2002913D1164A11680C691B4992
:109220000500EDB251F825100C4311680C6112498C
:109230000A68144CC0B254F8200002430A6012E0DD
:109240000D4A14680F490500EDB251F825108C4302
:10925000146008490A6812690C4CC0B254F8200026
:109260008243086802611868016851F0004101609A
:1092700030BC70471CA40000CC03002018A40000E0
:1092800000007394F09C0000780C0020FC9C00000F
:1092900070B5040034482100C9B250F82110334D94
:1092A000AE6888680640C8680640CE6028680642F6
:1092B00012D02F492000C0B251F83000002805D04C
:1092C0002000C0B251F83000804705E001220021A3
:1092D0002000C0B200F018F86868064213D0244994
:1092E0002000C0B201EBC0004068002805D0E4B205
:1092F00001EBC4004068804705E001220121200005
:10930000C0B200F001F870BD174BC0B253F8203066
:10931000D2B2002A07D19A681448C9B250F8210085
:1093200002439A6006E09A681048C9B250F82100DA
:1093300082439A607047000080B50020FFF7A8FFC5
:10934000BFF34F8F01BD000080B50120FFF7A0FFE4
:10935000BFF34F8F01BD000080B50220FFF798FFDB
:10936000BFF34F8F01BD0000D89C0000E49C0000BB
:10937000E00B002000500640045006400850064014
:109380000C5006401050064014500640185006403D
:109390001C500640205006402450064028500640ED
:1093A0002C5006403050064034500640385006409D
:1093B0003C5006404050064044500640485006404D
:1093C0004C500640505006405450064058500640FD
:1093D0005C500640605006406450064068500640AD
:1093E0006C5006407050064074500640785006405D
:1093F0007C5006408050064084500640885006400D
:109400008C500640905006409450064098500640BC
:109410009C500640A0500640A4500640A85006406C
:10942000AC500640B0500640B4500640B85006401C
:10943000BC500640C0500640C4500640C8500640CC
:10944000CC500640D0500640005006400450064024
:10945000085006400C50064010500640145006407C
:10946000185006401C50064020500640245006402C
:10947000285006402C5006403050064034500640DC
:10948000385006403C50064040500640445006408C
:10949000485006404C50064050500640545006403C
:1094A000585006405C5006406050064064500640EC
:1094B000685006406C50064070500640745006409C
:1094C000785006407C50064080500640845006404C
:1094D000885006408C5006409050064094500640FC
:1094E000985006409C500640A0500640A4500640AC
:1094F000A8500640AC500640B0500640B45006405C
:10950000B8500640BC500640C0500640C45006400B
:10951000C8500640CC500640D050064070B5294C8B
:10952000274D2868466D206906402868C06D0640B2
:1095300028688665F0070CD523490868002802D002
:109540000868804705E02868C16D20688143286865
:10955000C165C6F3400000280CD01B4948680028AC
:1095600002D04868804705E02868C16D6068814383
:109570002868C165C6F3800000280CD012498868AD
:10958000002802D08868804705E02868C16DA0687F
:1095900081432868C165C6F3C00000280CD00A4981
:1095A000C868002802D0C868804705E02868C16DF7
:1095B000E06881432868C165BFF34F8F70BD00002C
:1095C00044A40000E89B0000440C002072B6002177
:1095D000002200230024002500260027B846B946B3
:1095E000BA46BB46BC4611481149016011481249B0
:1095F000016012480321026822F0C00241EA020120
:1096000001600C480E4901600E490F4A521A013A96
:1096100005DD0020042308601944043AFBDA0B48F6
:10962000854662B60A480047FEE7000008ED00E004
:109630000000000000D007400000739410D00740E5
:10964000000000800000FE1FFFFF0120000002203C
:10965000AD9A000080B5012018490968C860184912
:109660000868002801D008688047BFF34F8F01BD0C
:1096700010B5002414E011490868C0690122A24015
:10968000104000280BD00968C8610E4951F8240029
:10969000002804D02000C0B251F824108847641C70
:1096A000112CE8D3BFF34F8F10BD80B5FFF7D2FF69
:1096B00001BD80B5FFF7DCFF01BD000034A4000050
:1096C000980C0020800A002070B5134C2068C569F2
:1096D00015F003052068806905402068C5610026F3
:1096E00014E0206880690121B140884321688861C5
:1096F0000BE02800F040C00707D5084951F82600C4
:109700000028EED051F826008047761C022EF0D3B8
:10971000BFF34F8F70BD0000F4A30000700C002059
:10972000010000000200000004000000080000002A
:109730001000000020000000400000008000000039
:10974000000100000002000000040000000800000A
:109750000010000000200000004000000080000019
:1097600030000000FFFF000010B50C480468002026
:1097700000F00CF8A068C00605D509490868002863
:1097800001D008688047BFF34F8F10BD03480068C1
:10979000816851F0807181607047000004A400006E
:1097A000840C002080B5FFF7DFFF01BD040000003E
:1097B000020000000000020000000100000008009C
:1097C0000000100001000000200000004000000028
:1097D00080000000000008000000040000000100FC
:1097E0000000010000000200000000000100000075
:1097F000020000000400000008000000100000004B
:109800002000000040000000800000000001000077
:10981000000200000004000000080000001000002A
:1098200000200000004000000080000000800000D8
:10983000004000000008000000040000000000409C
:109840000000008000000004200000004000000034
:10985000800000000000080000000400000001007B
:1098600000000100000002000100000002000000F2
:1098700004000000080000001000000020000000AC
:109880000000400000008000000000010000000215
:1098900000000004000000080000004000000080FC
:1098A0003F00C0CF80B5DFF8300000684068C007D7
:1098B00006D5DFF828000068002801D0012000E06C
:1098C0000020C0B2002803D0DFF8100000688047F5
:1098D000BFF34F8F01BD0000BCA30000800C00202F
:1098E00030B4002512E050F8042BD30744BF4A449B
:1098F000521E091F042942F8045BFAD213468C0752
:1099000044BF15809B1CC90748BF1D7050F8041B3D
:109910000029E8D130BC70470100000002000000BF
:1099200004000000080000001000000020000000FB
:109930004000000080000000000100000002000064
:1099400010000000FF03000010B5074979441831EA
:10995000064C7C44163404E00A68081D114488470C
:109960000146A142F8D110BD2C00000058000000B3
:109970004EF68851CEF20001086840F4700008608D
:10998000BFF34F8FBFF36F8F4FF00170E1EE100AFE
:10999000704700004DFFFFFF7408000038040020EE
:1099A00000000000FF7FFFFFB00A0000D4010000AC
:1099B00000000020EF7FFFFF8A0B00005A0000002C
:1099C0000000FE1FFEE70000004002400050024081
:1099D00000800340009003400040044000500440D9
:1099E0000060054000700540004002400050024009
:1099F00000800340009003400040044000500440B9
:109A000000600540007005400000010000000001FA
:109A10000000000200000004000000080000001028
:109A2000000000200080013F010000000200000053
:109A300004000000080000001000000020000000EA
:109A4000000100003F01000000F00DF8002801D0E7
:109A5000FFF77AFFAFF300800020AFF30080FDF73F
:109A600015FE00F002F80120704700F001B8000078
:109A70000746384600F002F8FBE7000080B5AFF378
:109A80000080024A11001820ABBEFBE7260002004E
:109A900000000000000000000000000000000000C6
:109AA0000000000000000000000000000548014622
:109AB00003B4684680F30988AFF30080FFF758FFCE
:109AC000FFF7C2FFA5EDF5FE010000000200000057
:109AD0000400000008000000200000002F0000002B
:109AE0000100000002000000040000000800000067
:109AF000000200000F020000010000000200000050
:109B00000400000008000000100000001F0000001A
:109B100000A0064000B0064000C00640000007401C
:109B2000001007400020074000A0064000B006409B
:109B300000C006400000074000100740002007401A
:109B400001000000100000000101000028000000DA
:109B5000020000000200000080B5044908680028E7
:109B600001D008688047BFF34F8F01BD9C0C0020D7
:109B70000090044000A0044000B0044000000540F4
:109B8000001005400090044000A0044000B00440D4
:109B9000000005400010054000F00F4040F00F406D
:109BA00080F00F40C0F00F4000F10F4010000000A7
:109BB000200000004000000080000000F0000000D5
:109BC0000100000002000000040000000800000086
:109BD0000F000000800000000001000000080000ED
:109BE00000200000802900000100000002000000A9
:109BF00004000000080000000F0000000001020047
:109C0000000000001C0000001C0000000001020019
:109C100000000000320000003200000000000000E0
:109C200000710200000000000000000000000000C1
:109C3000FFFFFFFF010000000301000080000000A3
:109C400000000100000002008000030000C002408C
:109C500000D00240000003400010034000C002405A
:109C600000D00240000003400010034000C000404C
:109C700000D00040008001400090014000C0004042
:109C800000D0004000800140009001400C00001F07
:109C90000F3F01011F00071F0F000000000F0E0DF6
:109CA0000C0707000400000000090E0F070707005B
:109CB00003000000000000000100000000000000A0
:109CC000000000000100000000000000020300008E
:109CD000300000000101000000E0034000200440CB
:109CE00000300440000002000000010000000300FA
:109CF0004000000080000000C000000020000000C4
:109D00000400000024000000000100010101010125
:109D10000101010100B003400070024000B00340A7
:109D200000700240401F0000000001000000C81E3B
:109D300001000000E80300000100010000006400D1
:109D40000100000000600640008005400060064001
:109D500000800540004005400050054000E0004004
:109D600000A0014000E0004000A0014000F00040E1
:109D700000B0014000F0004000B0014010000000C1
:109D8000100000000000000400000004004800472C
:109D90006D4C0000004800477D4C00000048004723
:109DA0008D4C0000004800479D4C000000480047D3
:109DB000AD4C000000480047BD4C00000048004783
:109DC000CD4C000000480047DD4C00000048004733
:109DD000ED4C000000480047FD4C000000480047E3
:109DE0000D4D0000004800471D4D00000048004791
:109DF0002D4D0000004800473D4D00000048004741
:109E00004D4D0000004800475D4D000000480047F0
:109E10006D4D00000048004789870000004800475A
:109E2000AD870000004800478191000000480047CE
:109E3000A579000000480047A597000000480047AA
:109E4000599B0000004800470D6000000048004793
:109E50001760000000480047335B000000480047DF
:109E60003D5B000000480047475B0000004800479A
:109E70005B5B000000480047515B00000048004762
:109E8000655B0000004800476F5B0000004800472A
:109E9000795B0000004800478D5B000000480047E8
:109EA000835B000000480047975B000000480047C4
:109EB000A15B000000480047AB5B00000048004782
:109EC000BF5B000000480047B55B0000004800474A
:109ED000C95B000000480047D35B00000048004712
:109EE000DD5B000000480047F15B000000480047D0
:109EF000E75B000000480047CD72000000480047C3
:109F0000D772000000480047E17200000048004797
:109F1000EB72000000480047F5720000004800475F
:109F2000FF72000000480047A513000000480047EA
:109F3000B513000000480047C51300000048004763
:109F4000D513000000480047E51300000048004713
:109F5000F5130000004800470514000000480047C2
:109F60001514000000480047251400000048004771
:109F70003514000000480047451400000048004721
:109F800055140000004800476514000000480047D1
:109F90007514000000480047851400000048004781
:109FA0009514000000480047A51400000048004731
:109FB000B514000000480047C514000000480047E1
:109FC000D514000000480047E51400000048004791
:109FD000F514000000480047051500000048004740
:109FE00015150000004800472515000000480047EF
:109FF000351500000048004745150000004800479F
:10A00000551500000048004765150000004800474E
:10A0100075150000004800478515000000480047FE
:10A020009515000000480047A515000000480047AE
:10A03000B515000000480047C5150000004800475E
:10A04000D515000000480047E5150000004800470E
:10A05000F5150000004800470516000000480047BD
:10A06000151600000048004725160000004800476C
:10A07000351600000048004745160000004800471C
:10A0800055160000004800476516000000480047CC
:10A09000751600000048004785160000004800477C
:10A0A0009516000000480047A5160000004800472C
:10A0B000B516000000480047C516000000480047DC
:10A0C000D516000000480047E5160000004800478C
:10A0D000F51600000048004705170000004800473B
:10A0E00015170000004800472517000000480047EA
:10A0F000351700000048004745170000004800479A
:10A100005517000000480047651700000048004749
:10A1100075170000004800478517000000480047F9
:10A120009517000000480047A517000000480047A9
:10A13000B517000000480047C51700000048004759
:10A14000D517000000480047E51700000048004709
:10A15000F5170000004800470518000000480047B8
:10A160001518000000480047251800000048004767
:10A170003518000000480047451800000048004717
:10A1800055180000004800476518000000480047C7
:10A190007518000000480047851800000048004777
:10A1A0009518000000480047A51800000048004727
:10A1B000B518000000480047C518000000480047D7
:10A1C000D518000000480047E51800000048004787
:10A1D000F518000000480047051900000048004736
:10A1E00015190000004800472519000000480047E5
:10A1F0003519000000480047451900000048004795
:10A200005519000000480047651900000048004744
:10A2100075190000004800478519000000480047F4
:10A220009519000000480047478D0000004800478E
:10A23000518D0000004800475B8D0000004800473A
:10A24000658D0000004800476F8D00000048004702
:10A25000798D000000480047838D000000480047CA
:10A260008D8D000000480047978D00000048004792
:10A27000A18D000000480047AB8D0000004800475A
:10A28000B58D000000480047BF8D00000048004722
:10A29000C98D000000480047D38D000000480047EA
:10A2A000DD8D000000480047AD6D0000004800470C
:10A2B000B76D000000480047C16D0000004800472E
:10A2C000CB6D000000480047439100000048004764
:10A2D0004D910000004800470B580000004800471F
:10A2E00015580000004800471F580000004800476C
:10A2F0002958000000480047335800000048004734
:10A30000D785000000480047498F000000480047FB
:10A31000518F000000480047A59800000048004702
:10A320001D95000000480047399300000048004791
:10A330004993000000480047599300000048004737
:10A34000AB96000000480047B39600000048004765
:10A35000CD3D0000004800475F1D00000048004759
:10A36000691D000000480047731D000000480047B9
:10A370007D1D000000480047871D00000048004781
:10A38000911D0000004800479B1D00000048004749
:10A39000A51D000000480047F96000000048004784
:10A3A0000361000000480047C996000000480047CC
:10A3B000238F0000004800472B8F0000003003402F
:10A3C000000F0400000E0400000D0400000C040047
:10A3D00000090400000E0400000F0400000001004A
:10A3E0000001000000900740004006400040064089
:10A3F00000D007400030074000900040008000403F
:10A4000000800040001006400000024000000240B2
:10A4100000ED00E000E100E000D0074000D0074080
:10A4200000900740009007407F1400000080044027
:10A430000080044000F00740000004400030064067
:10A440000030064000400340002005400020054049
:10A4500000000000FFF7FEBF100C00B003400070CA
:10A460000240000100000202052004000201010078
:10A470000207220214E10110051E050000FFFF047F
:10A480001B63FBFF1E12EB28A006FFDF010001206B
:10A49000FEFF3212640DE0029CFFFFFF4622B4581B
:10A4A00010020400003C07122F0CF0053012DA01F4
:10A4B00000EE25FE50F15B011003330F0000CC735A
:10A4C000F24EA377F0061F662600009AD9FFFF67B9
:10A4D000120A31F321F6FF38710112203A82E0406E
:10A4E000F2160149F632011083F42445F00402AE5D
:10A4F0004C06003F1355124014C2C0E0F63A0F8CD0
:10A500002954100341420000BD8C800879490000A5
:10A510006C500000394761122420F2030370F13EB1
:10A52000982188520640618C1403605700008EE128
:10A53000D24581F60A3FF0D21919F11F106101527C
:10A54000E8742016EFF31080002800D172B607B42B
:10A5500005480649034A0160026007BC14000E6208
:0FA56000B670477B0C0D1E14200540D6B1C4A069
:0400000500009AADB0
:00000001FF
