:1000000000000220C58B00007B5A00004F5E0000FC
:10001000BB6A00006F6F00007F82000000000000DC
:10002000000000000000000000000000AB830000A2
:10003000BD8F00000000000067900000739000007A
:10004000859300008D930000959300009D93000020
:10005000A5930000AD930000B5930000BD93000090
:10006000C5930000CD930000D5930000DD93000000
:10007000E5930000ED930000F5930000FD93000070
:10008000059400000D940000159400001D940000DC
:10009000259400002D940000359400003D9400004C
:1000A000459400004D940000559400005D940000BC
:1000B000659400006D9400004D9A00007594000056
:1000C0007D940000859400008D94000095940000BC
:1000D0004D9A00009D940000A5940000AD9400008E
:1000E000B5940000BD9400004D9A0000C594000036
:1000F000CD940000D5940000DD940000E59400004C
:100100004D9A0000ED940000F5940000FD9400006D
:10011000059500000D950000159500001D95000047
:10012000259500002D950000359500003D950000B7
:10013000459500004D950000559500005D95000027
:10014000659500006D950000759500007D95000097
:10015000859500008D950000959500009D95000007
:10016000A5950000AD950000B5950000BD95000077
:10017000C5950000CD950000D5950000DD950000E7
:10018000E5950000ED950000F5950000FD95000057
:10019000059600000D960000159600001D960000C3
:1001A000259600002D960000359600003D96000033
:1001B000459600004D960000559600005D960000A3
:1001C000659600006D960000759600007D96000013
:1001D000859600008D960000959600009D96000083
:1001E000A5960000AD960000B5960000BD960000F3
:1001F000C5960000CD960000D5960000DD96000063
:10020000E5960000ED960000F5960000FD960000D2
:10021000059700000D970000159700001D9700003E
:10022000259700002D970000359700003D970000AE
:10023000459700004D970000559700005D9700001E
:10024000659700006D970000759700007D9700008E
:10025000859700008D970000959700009D970000FE
:10026000A5970000AD970000B5970000BD9700006E
:10027000C5970000CD970000D5970000DD970000DE
:10028000E5970000ED970000F5970000FD9700004E
:10029000059800000D980000159800004D9A000088
:1002A0004D9A00004D9A00001D980000259800000E
:1002B0002D980000359800003D98000045980000FA
:1002C0004D980000559800005D980000659800006A
:1002D0006D980000759800007D98000085980000DA
:1002E0008D980000959800009D980000A59800004A
:1002F000AD980000B5980000BD980000C5980000BA
:10030000CD980000D5980000DD980000E598000029
:10031000ED980000F5980000FD9800000599000098
:100320000D990000159900001D9900002599000005
:100330002D990000359900003D9900004599000075
:100340004D990000559900005D99000065990000E5
:100350006D990000759900007D9900008599000055
:100360008D990000959900009D990000A5990000C5
:10037000AD99000081B0DFF88816C0B251F8202096
:100380000020009001211000036853F080430360B7
:100390001000036853F0805303601068C00F0028FA
:1003A00004D01000036823F000430360DFF88037B7
:1003B0000098984207D20098401C00901068C0F343
:1003C000C0600028F2D00098984201D301210DE0CE
:1003D000002000900098984208D20098401C00909D
:1003E0001068C0F300600028F4D000210800C0B2FB
:1003F00001B0704781B0DFF80816C0B251F8202074
:1004000000200090012011000B6833F080530B6036
:1004100011000B6833F080430B60009942F21073B7
:10042000994208D20099491C00911168C1F30061FA
:100430000029F2D10020C0B201B070473EB50400DF
:10044000DFF8F0032100C9B250F821100D6ADFF87F
:10045000D4092200D2B250F822000540DFF8C809C2
:1004600005400D6268071FD54C21DFF8C029200028
:10047000C0B2484310440069002808D02000C0B230
:1004800001FB00F102EB0100006980470CE0002055
:100490000290002001900020009000230122002102
:1004A0002000C0B200F0C8FC28031DD54C21DFF8A5
:1004B0007C292000C0B248431044006A002806D0BE
:1004C000E4B24C4302EB0400006A80470CE00020D9
:1004D00002900020019000200090002301220421BE
:1004E0002000C0B200F0A8FC37BDE0B5D149020041
:1004F000D2B251F822105FF400320A624C22DFF8C7
:100500002C390100C9B2514319448969002905D029
:10051000C0B250431844806980470BE0002102912B
:100520000021019100210091002301220221C0B28B
:1005300000F082FC07BDE0B5BE490200D2B251F81E
:1005400022105FF480320A624C22DFF8E0380100AA
:10055000C9B251431944C969002905D0C0B25043FA
:100560001844C06980470BE00021029100210191ED
:1005700000210091002301220321C0B200F05CFCA5
:1005800007BD3EB50400AB482100C9B250F82100B8
:10059000DFF89C58016A2200D2B245F822100221ED
:1005A00001624C21DFF884282000C0B24843104487
:1005B0004069002808D02000C0B201FB00F102EB26
:1005C0000100406980470CE000200290002001906B
:1005D000002000900023012201212000C0B200F081
:1005E0002BFC0020E4B245F8240037BD3EB50400E2
:1005F00090482100C9B250F82100DFF83458016A50
:100600002200D2B245F822105FF4801101624C2121
:10061000DFF818282000C0B248431044406A002880
:1006200008D02000C0B201FB00F102EB0100406ADB
:1006300080470CE0002002900020019000200090F4
:100640000023012205212000C0B200F0F5FB0020AC
:10065000E4B245F8240037BD3EB5040075482100DA
:10066000C9B250F82110D1F8085BD1F8000B054051
:1006700015F44035C1F8085BE8031FD54C21DFF8BD
:10068000AC272000C0B248431044406C002808D07A
:100690002000C0B201FB00F102EB0100406C80477A
:1006A0000CE0002002900020019000200090002328
:1006B00001220D212000C0B200F0BEFBA8031DD511
:1006C0004C21DFF868272000C0B248431044806CFA
:1006D000002806D0E4B24C4302EB0400806C804753
:1006E0000CE00020029000200190002000900023E8
:1006F00001220E212000C0B200F09EFB37BDE0B504
:100700004C490200D2B251F8221001220A624C2256
:10071000DFF818370100C9B251431944896A00292A
:1007200005D0C0B250431844806A80470BE00021D6
:100730000291002101910021009100230122062154
:10074000C0B200F079FB07BD3EB504003948210076
:10075000C9B250F82110D1F8FC5AD1F8E00A05408E
:1007600015F45025C1F8FC5A28031FD54C21DFF899
:10077000BC262000C0B248431044806B002808D03B
:100780002000C0B201FB00F102EB0100806B80474A
:100790000CE0002002900020019000200090002337
:1007A00001220A212000C0B200F046FB68031FD5D9
:1007B0004C21DFF878262000C0B248431044C06BBB
:1007C000002808D02000C0B201FB00F102EB0100BC
:1007D000C06B80470CE000200290002001900020B8
:1007E0000090002301220B212000C0B200F024FB66
:1007F000E8031DD54C21DFF834262000C0B2484361
:100800001044006C002806D0E4B24C4302EB040014
:10081000006C80470CE00020029000200190002036
:100820000090002301220C212000C0B200F004FB44
:1008300037BD0000E08F00002DE9F8430400704848
:100840002100C9B250F82150DFF8D4052100C9B207
:1008500050F82160D5F8008018F07F0818F10108E1
:10086000D6F83090B06A10EA09091FFA89F9B8F190
:10087000110F02D35FF01008FFE7002719E0B06AFC
:100880000121B9408843B0620FE04C21DFF89C257C
:100890002000C0B2484310580028F0D03800230090
:1008A000DBB201FB03F1515888470120B8403063A7
:1008B0007F1C47455CD24846F840C007F8D52868F9
:1008C000C0F34070002803D0082F01D2012000E0BF
:1008D0000020C0B20028D8D0052F16D14C21DFF857
:1008E0004C252000C0B248431044C06A002808D0FC
:1008F0002000C0B201FB00F102EB0100C06A80479A
:1009000003E0B06A30F02000B062062F16D14C210F
:10091000DFF818252000C0B248431044006B0028BF
:1009200008D02000C0B201FB00F102EB0100006B17
:10093000804703E0B06A30F04000B062072FB4D1C6
:100940004C21DFF8E8242000C0B248431044406B3B
:10095000002808D02000C0B201FB00F102EB01002A
:10096000406B8047A1E7B06A30F08000B0629CE73E
:10097000BDE8F1832DE9F041040021482100C9B20E
:1009800050F82100DFF898142200D2B251F822501A
:10099000066816F07F06761C2F6BA86A07403F0C8E
:1009A0003F04212E01D32026FFE75FF0100823E04B
:1009B000A86A012111FA08F18843A86216E03800FC
:1009C00030FA08F0C00711D54C21DFF86024200070
:1009D000C0B24843104440680028E9D04046230094
:1009E000DBB201FB03F1114449688847012010FA8A
:1009F00008F0286318F10108B045E0D3BDE8F081A4
:100A0000C08F00002DE9F0410400DFF82804210028
:100A1000C9B250F82100DFF808142200D2B251F810
:100A20002250066816F07F06761CEF6A686A074057
:100A3000BFB2312E01D33026FFE75FF0200827E058
:100A4000696A0122B8F1200082409143696218E08E
:100A5000B8F120003900C140C80712D54C21DFF899
:100A6000CC232000C0B24843104480680028E7D05F
:100A70004046C0B22300DBB201FB03F11144896898
:100A800088470121B8F120008140E96218F101088E
:100A90004046C0B2B042DBD3BDE8F0812DE9F04161
:100AA0000400DFF890032100C9B250F82100DFF8FC
:100AB00070132200D2B251F82250066816F07F0659
:100AC000761CEF6A686A07403F0C3F04412E01D351
:100AD0004026FFE75FF0300826E0696A012218F13E
:100AE000E00082409143696217E018F1E0003900AC
:100AF000C140C80711D54C21DFF830232000C0B217
:100B000048431044C0680028E7D040462300DBB2C9
:100B100001FB03F11144C9688847012118F1E00085
:100B20008140E96218F10108B045DED3BDE8F081EB
:100B3000404B4C002DE9F8430400DFF8F802210097
:100B4000C9B250F82150B6482100C9B250F821600E
:100B5000D5F8008018F07F0818F10108D6F8309019
:100B6000B06A10EA0909B8F1210F02D35FF020083A
:100B7000FFE7002719E0B06A0121B9408843B0625D
:100B80000FE04C21DFF8A4222000C0B248431058E7
:100B90000028F0D038002300DBB201FB03F15158EC
:100BA00088470120B84030637F1C47455ED24846E5
:100BB000F840C007F8D52868C0F34070002803D07B
:100BC000082F01D2012000E00020C0B20028D8D0B8
:100BD000052F17D14C21DFF854222000C0B2484322
:100BE0001044C06A002808D02000C0B201FB00F108
:100BF00002EB0100C06A8047D3E7B06A30F0200002
:100C0000B062CEE7062F17D14C21DFF8202220005A
:100C1000C0B248431044006B002808D02000C0B286
:100C200001FB00F102EB0100006B8047B9E7B06AFD
:100C300030F04000B062B4E7072FB2D14C21DFF8AA
:100C4000EC212000C0B248431044406B002808D07B
:100C50002000C0B201FB00F102EB0100406B8047B5
:100C60009FE7B06A30F08000B0629AE7BDE8F18398
:100C70002DE9F0410400DFF8BC012100C9B250F8B1
:100C8000210067492200D2B251F82250066816F0BE
:100C90007F06761CEF6A686A0740412E01D3402622
:100CA000FFE75FF0200826E0696A012218F1E00002
:100CB00082409143696217E018F1E0003900C140B9
:100CC000C80711D54C21DFF864212000C0B2484389
:100CD000104440680028E7D040462300DBB201FB07
:100CE00003F1114449688847012118F1E00081406F
:100CF000E96218F10108B045DED3BDE8F0812DE9C5
:100D0000F0410400DFF82C012100C9B250F82100A5
:100D100043492200D2B251F82250066816F07F06ED
:100D2000761C6F6FE86E0740612E01D36026FFE7E7
:100D30005FF0400827E0E96E0122B8F140008240F0
:100D40009143E96618E0B8F140003900C140C80796
:100D500012D54C21DFF8D4202000C0B24843104403
:100D600080680028E7D04046C0B22300DBB201FB18
:100D700003F11144896888470121B8F1400081409E
:100D8000696718F101084046C0B2B042DBD3BDE844
:100D9000F0812DE9F0410400DFF898002100C9B28C
:100DA00050F821001E492200D2B251F822500668A4
:100DB00016F07F06761C2F6FA86E0740802E01D399
:100DC0008026FFE75FF0600825E0A96E012218F198
:100DD000A00082409143A96616E018F1A0003900F6
:100DE000C140C80710D54C21104A2000C0B248436A
:100DF0001044C0680028E8D040462300DBB201FB65
:100E000003F11144C9688847012118F1A00081400D
:100E1000296718F10108B045DFD3BDE8F081000073
:100E2000E08F00000C14002004000800C00C00201B
:100E3000EC130020C08F00002DE9F84F05008B4611
:100E400016001F00DFF844052900C9B250F82180C0
:100E5000DFF83C052900C9B250F82190D8F800000D
:100E6000C0F300645FF0000A002C07D12800C0B274
:100E7000FFF780FA002801D05FF0010A5046C0B2A7
:100E8000002840F07E825846C0B200286AD002286E
:100E900000F0A58066D3042800F0EA80C0F09F80AF
:100EA000062800F02281C0F0E380082800F05A8173
:100EB000C0F058810A2800F07081C0F053810C28DE
:100EC00000F06B81C0F069810E2800F08D81C0F0C8
:100ED0008B81102800F0A38180F049820A9A0B9937
:100EE0000C98F6B2002E1CD1D9F828301F43C9F84F
:100EF0002870D9F824301A43C9F824202A00D2B225
:100F0000062A03D02A00D2B2072A2AD1D9F86C20A7
:100F10001143C9F86C10D9F868100843C9F8680083
:100F20001FE0D9F8283033EA0707C9F82870D9F844
:100F3000243033EA0202C9F824202A00D2B2062A59
:100F400003D02A00D2B2072A0BD1D9F86C2032EA9A
:100F50000101C9F86C10D9F8681031EA0000C9F82D
:100F6000680004E2F6B2002E1CD1DFF82814280035
:100F7000C0B251F82020DFF820045B46DBB250F805
:100F8000230002432800C0B241F82020D9F8041001
:100F9000DFF808045FFA8BFB50F82B000143C9F817
:100FA00004101BE0D9F80410DFF8F0035A46D2B25F
:100FB00050F822008143C9F80410DFF8D813280044
:100FC000C0B251F82020DFF8D0035FFA8BFB50F855
:100FD0002B0082432800C0B241F82020C7E1F6B2BE
:100FE000002E22D1D8F8000050F40010C8F80000FC
:100FF000DFF8A0132800C0B251F82020DFF89803D2
:101000005B46DBB250F8230002432800C0B241F82F
:101010002020D9F80410DFF884035FFA8BFB50F826
:101020002B000143C9F8041021E0D8F8000030F487
:101030000010C8F80000D9F80410DFF860035A4621
:10104000D2B250F822008143C9F80410DFF84413EB
:101050002800C0B251F82020DFF83C035FFA8BFB78
:1010600050F82B0082432800C0B241F820207EE1D6
:10107000F6B2002E1CD1DFF81C132800C0B251F8C4
:101080002020DFF814035B46DBB250F82300024354
:101090002800C0B241F82020D9F83410DFF8FC0253
:1010A0005FFA8BFB50F82B000143C9F834101BE0AA
:1010B000D9F83410DFF8E4025A46D2B250F82200D0
:1010C0008143C9F83410DFF8CC122800C0B251F8BF
:1010D0002020DFF8C4025FFA8BFB50F82B0082431C
:1010E0002800C0B241F8202041E1F6B2002E1CD108
:1010F000DFF8A0122800C0B251F82020DFF89802D3
:101100005B46DBB250F8230002432800C0B241F82E
:101110002020D9F80010DFF884025FFA8BFB50F82A
:101120002B000143C9F800101BE0D9F80010DFF8CC
:101130006C025A46D2B250F822008143C9F800101E
:10114000DFF850122800C0B251F82020DFF8480222
:101150005FFA8BFB50F82B0082432800C0B241F8A5
:10116000202004E1F6B2002E0BD1D9F82810DFF8C8
:101170002C025FFA8BFB50F82B000143C9F82810B2
:101180000AE0D9F82810DFF814025FFA8BFB50F858
:101190002B008143C9F82810E9E018F134000168F8
:1011A00051F00051016018F52E60016821F00041F6
:1011B0000160F6B2002E0BD1D9F8E01ADFF8DC019D
:1011C0005FFA8BFB50F82B000143C9F8E01A0AE0E4
:1011D000D9F8E01ADFF8C4015FFA8BFB50F82B0056
:1011E0008143C9F8E01AC2E0F6B2002E0BD1D9F85B
:1011F000001BDFF8A8015FFA8BFB50F82B000143BE
:10120000C9F8001B0AE0D9F8001BDFF890015FFA6B
:101210008BFB50F82B008143C9F8001BA7E0F6B206
:10122000002E51D1DFF87801DFF868112A00D2B220
:1012300041F82200D9F828005FF0FF30C9F82800F3
:10124000D9F82410C9F824002900C9B2062903D00E
:101250002900C9B2072907D1D9F86C10C9F86C0068
:10126000D9F86810C9F86800D9F8040050F44C4067
:10127000C9F80400D9F8340050F04040C9F83400EF
:1012800018F13400016851F00051016018F52E602A
:10129000016821F000410160D9F8E00A50F45020C3
:1012A000C9F8E00A4046016851F080610160D8F851
:1012B000000050F40010C8F80000D9F8000B50F4FA
:1012C0004030C9F8000B51E0D9F828000020C9F8D7
:1012D0002800D9F824000020C9F824002800C0B252
:1012E000062803D02800C0B2072809D1D9F86C001D
:1012F0000020C9F86C00D9F868000020C9F868001F
:10130000D9F8040030F44C40C9F80400D9F834008E
:1013100020F04040C9F8340018F13400016851F061
:101320000051016018F52E60016821F00041016054
:10133000D9F8E00A30F45020C9F8E00A40460168C4
:1013400031F080610160D8F8000030F40010C8F876
:101350000000D9F8000B30F44030C9F8000B002031
:10136000DFF830102A00D2B241F82200FFE7002C4B
:1013700007D12800C0B2FFF73DF8002801D05FF088
:10138000010A5046C0B2BDE8F28F0000C08F0000D5
:10139000E08F00000C140020A48D0000248E0000BB
:1013A00007001B0080B50020FFF748F8BFF34F8F00
:1013B00001BD000080B50020FFF797F8BFF34F8F05
:1013C00001BD000080B50020FFF7B5F8BFF34F8FD7
:1013D00001BD000080B50020FFF7D3F8BFF34F8FA9
:1013E00001BD000080B50020FFF700F9BFF34F8F6B
:1013F00001BD000080B50020FFF72EF9BFF34F8F2D
:1014000001BD000080B50020FFF779F9BFF34F8FD1
:1014100001BD000080B50020FFF796F9BFF34F8FA4
:1014200001BD000080B50020FFF706FABFF34F8F23
:1014300001BD000080B50020FFF79CFABFF34F8F7D
:1014400001BD000080B50020FFF7DCFABFF34F8F2D
:1014500001BD000080B50020FFF720FBBFF34F8FD8
:1014600001BD000080B50120FEF7E8FFBFF34F8FFC
:1014700001BD000080B50120FFF737F8BFF34F8FA3
:1014800001BD000080B50120FFF755F8BFF34F8F75
:1014900001BD000080B50120FFF773F8BFF34F8F47
:1014A00001BD000080B50120FFF7A0F8BFF34F8F0A
:1014B00001BD000080B50120FFF7CEF8BFF34F8FCC
:1014C00001BD000080B50120FFF719F9BFF34F8F70
:1014D00001BD000080B50120FFF736F9BFF34F8F43
:1014E00001BD000080B50120FFF7A6F9BFF34F8FC3
:1014F00001BD000080B50120FFF73CFABFF34F8F1C
:1015000001BD000080B50120FFF77CFABFF34F8FCB
:1015100001BD000080B50120FFF7C0FABFF34F8F77
:1015200001BD000080B50220FEF788FFBFF34F8F9A
:1015300001BD000080B50220FEF7D7FFBFF34F8F3B
:1015400001BD000080B50220FEF7F5FFBFF34F8F0D
:1015500001BD000080B50220FFF713F8BFF34F8FE5
:1015600001BD000080B50220FFF740F8BFF34F8FA8
:1015700001BD000080B50220FFF76EF8BFF34F8F6A
:1015800001BD000080B50220FFF7B9F8BFF34F8F0F
:1015900001BD000080B50220FFF7D6F8BFF34F8FE2
:1015A00001BD000080B50220FFF746F9BFF34F8F61
:1015B00001BD000080B50220FFF7DCF9BFF34F8FBB
:1015C00001BD000080B50220FFF71CFABFF34F8F6A
:1015D00001BD000080B50220FFF760FABFF34F8F16
:1015E00001BD000080B50320FEF728FFBFF34F8F39
:1015F00001BD000080B50320FEF777FFBFF34F8FDA
:1016000001BD000080B50320FEF795FFBFF34F8FAB
:1016100001BD000080B50320FEF7B3FFBFF34F8F7D
:1016200001BD000080B50320FEF7E0FFBFF34F8F40
:1016300001BD000080B50320FFF70EF8BFF34F8F08
:1016400001BD000080B50320FFF759F8BFF34F8FAD
:1016500001BD000080B50320FFF776F8BFF34F8F80
:1016600001BD000080B50320FFF7E6F8BFF34F8F00
:1016700001BD000080B50320FFF77CF9BFF34F8F59
:1016800001BD000080B50320FFF7BCF9BFF34F8F09
:1016900001BD000080B50320FFF700FABFF34F8FB4
:1016A00001BD000080B50420FEF7C8FEBFF34F8FD8
:1016B00001BD000080B50420FEF717FFBFF34F8F78
:1016C00001BD000080B50420FEF735FFBFF34F8F4A
:1016D00001BD000080B50420FEF753FFBFF34F8F1C
:1016E00001BD000080B50420FEF780FFBFF34F8FDF
:1016F00001BD000080B50420FEF7AEFFBFF34F8FA1
:1017000001BD000080B50420FEF7F9FFBFF34F8F45
:1017100001BD000080B50420FFF716F8BFF34F8F1E
:1017200001BD000080B50420FFF786F8BFF34F8F9E
:1017300001BD000080B50420FFF71CF9BFF34F8FF7
:1017400001BD000080B50420FFF75CF9BFF34F8FA7
:1017500001BD000080B50420FFF7A0F9BFF34F8F53
:1017600001BD000080B50520FEF768FEBFF34F8F76
:1017700001BD000080B50520FEF7B7FEBFF34F8F17
:1017800001BD000080B50520FEF7D5FEBFF34F8FE9
:1017900001BD000080B50520FEF7F3FEBFF34F8FBB
:1017A00001BD000080B50520FEF720FFBFF34F8F7D
:1017B00001BD000080B50520FEF74EFFBFF34F8F3F
:1017C00001BD000080B50520FEF799FFBFF34F8FE4
:1017D00001BD000080B50520FEF7B6FFBFF34F8FB7
:1017E00001BD000080B50520FFF726F8BFF34F8F3D
:1017F00001BD000080B50520FFF7BCF8BFF34F8F97
:1018000001BD000080B50520FFF7FCF8BFF34F8F46
:1018100001BD000080B50520FFF740F9BFF34F8FF1
:1018200001BD000080B50620FEF708FEBFF34F8F14
:1018300001BD000080B50620FEF757FEBFF34F8FB5
:1018400001BD000080B50620FEF775FEBFF34F8F87
:1018500001BD000080B50620FEF793FEBFF34F8F59
:1018600001BD000080B50620FEF7C0FEBFF34F8F1C
:1018700001BD000080B50620FEF7EEFEBFF34F8FDE
:1018800001BD000080B50620FEF739FFBFF34F8F82
:1018900001BD000080B50620FEF756FFBFF34F8F55
:1018A00001BD000080B50620FFF744F9BFF34F8F5C
:1018B00001BD000080B50620FFF7DAF9BFF34F8FB6
:1018C00001BD000080B50620FFF719FABFF34F8F66
:1018D00001BD000080B50620FFF75BFABFF34F8F14
:1018E00001BD000080B50720FEF7A8FDBFF34F8FB4
:1018F00001BD000080B50720FEF7F7FDBFF34F8F55
:1019000001BD000080B50720FEF715FEBFF34F8F25
:1019100001BD000080B50720FEF733FEBFF34F8FF7
:1019200001BD000080B50720FEF760FEBFF34F8FBA
:1019300001BD000080B50720FEF78EFEBFF34F8F7C
:1019400001BD000080B50720FEF7D9FEBFF34F8F21
:1019500001BD000080B50720FEF7F6FEBFF34F8FF4
:1019600001BD000080B50720FFF7E4F8BFF34F8FFB
:1019700001BD000080B50720FFF77AF9BFF34F8F54
:1019800001BD000080B50720FFF7B9F9BFF34F8F05
:1019900001BD000080B50720FFF7FBF9BFF34F8FB3
:1019A00001BDF0B40246106895681318506803EB47
:1019B0005004C00748BF4D44A3422DD013F8016B1B
:1019C00016F0030004BF13F8010BC01C31090F29E6
:1019D00007D113F8011B0F3103E013F8017B05F861
:1019E000017B401EF9D10029E6D013F8010BC6F3A4
:1019F0008106032E08BF13F8016B00EB062040425E
:101A000028440026B71E8F421EBF10F8017B05F840
:101A1000017B761CF6D1CFE7F0BC02F10C007047D9
:101A20002DE9F041040000200020DFF8A40A210085
:101A3000C9B250F82150DFF89C0A2100C9B250F811
:101A40002160AF6BDFF8900A406C07405FF0000840
:101A500031E001224146C9B22000C0B200F06AFF65
:101A600027E0380030FA08F0C00722D506EB8800DE
:101A7000C06BC0F3001000281BD005EB8800C06BC2
:101A800030F0200005EB8801C863DFF80C1B44220E
:101A90002000C0B25043084450F828000028D8D095
:101AA0002000C0B202FB00F201EB020050F8280057
:101AB000804718F10108B8F1080FD2D3BFF34F8F58
:101AC000BDE8F08180B50021DFF8041A0200D2B22F
:101AD00051F82230D3F89010DFF8FC29126C114035
:101AE00000291AD0D3F8901031F03001C3F89010CB
:101AF0004422DFF8A43A0100C9B251431944096CE9
:101B0000002905D0C0B250431844006C804704E05F
:101B100001221021C0B200F00DFFBFF34F8F01BDB5
:101B2000F8B504000020DFF8A8092100C9B250F878
:101B30002150DFF8A469AF6B706C0740306B07422F
:101B40001CD0A86B30F48050A863DFF84C1A4422F4
:101B50002000C0B250430844006B002808D0200089
:101B6000C0B202FB00F201EB0200006B804705E00F
:101B700001220C212000C0B200F0DCFE706B074295
:101B80001CD0A86B30F40050A863DFF80C1A442274
:101B90002000C0B250430844406B002808D0200009
:101BA000C0B202FB00F201EB0200406B804705E08F
:101BB00001220D212000C0B200F0BCFEB06B074234
:101BC0001CD0A86B30F48040A863DFF8CC19442205
:101BD0002000C0B250430844806B002808D0200089
:101BE000C0B202FB00F201EB0200806B804705E00F
:101BF00001220E212000C0B200F09CFEF06B0742D3
:101C00001AD0A86B30F40040A863DFF88C19442286
:101C10002000C0B250430844C06B002806D0E4B294
:101C2000544301EB0400C06B804705E001220F2103
:101C30002000C0B200F07EFEBFF34F8FF1BD000068
:101C4000F8B504000020DFF888082100C9B250F878
:101C50002150DFF88468AF6B706C0740306A074230
:101C60001CD0A86B30F48070A863DFF82C194422D4
:101C70002000C0B250430844006A002808D0200069
:101C8000C0B202FB00F201EB0200006A804705E0EF
:101C9000012208212000C0B200F04CFE706A074209
:101CA0001CD0A86B30F40070A863DFF8EC18442255
:101CB0002000C0B250430844406A002808D02000E9
:101CC000C0B202FB00F201EB0200406A804705E06F
:101CD000012209212000C0B200F02CFEB06A0742A8
:101CE0001CD0A86B30F48060A863DFF8AC184422E5
:101CF0002000C0B250430844806A002808D0200069
:101D0000C0B202FB00F201EB0200806A804705E0EE
:101D100001220A212000C0B200F00CFEF06A074246
:101D20001AD0A86B30F40060A863DFF86C18442266
:101D30002000C0B250430844C06A002806D0E4B274
:101D4000544301EB0400C06A804705E001220B21E7
:101D50002000C0B200F0EEFDBFF34F8FF1BD80B5A3
:101D60000020FFF75DFE01BD80B50020FFF7AAFE51
:101D700001BD80B50020FFF7D3FE01BD80B5002076
:101D8000FFF75EFF01BD80B50120FFF749FE01BDF1
:101D900080B50120FFF796FE01BD80B50120FFF759
:101DA000BFFE01BD80B50120FFF74AFF01BDDFF88E
:101DB0002417C0B251F820003430016851F080413E
:101DC0000160704781B0DFF80C17C0B251F82000F5
:101DD000416B890F11F001018DF800109DF8001082
:101DE000012904D13830016851F48031016001B01B
:101DF000704770B504000E0015002000C0B2FFF758
:101E0000E1FFDFF8D0062100C9B250F8210001003F
:101E10000A6866F301020A60016865F384010160E3
:101E20002000C0B2FFF7C3FF70BD38B504000D003D
:101E30002000C0B2FFF7C6FFDFF894062100C9B248
:101E400050F82100416B4FF4805212FA05F50D4312
:101E500045632000C0B2FFF7AAFF31BD10B50400F2
:101E60002000C0B2FFF7AEFFDFF868062100C9B25C
:101E700050F8210010F134010A6852F000420A6063
:101E800010F134010A6832F480520A6010F1340112
:101E90000A6832F400520A6010F134010A6832F420
:101EA00080420A603430016831F400410160200052
:101EB000C0B2FFF77CFF10BD70B504000D00160026
:101EC0002000C0B2FFF77EFFDFF804062100C9B290
:101ED00050F82100416BF6B2002E07D14FF480720A
:101EE00012FA05F531EA0505456305E04FF4807205
:101EF00012FA05F50D4345632000C0B2FFF757FF06
:101F000070BDDFF8D035C0B253F82000C9B200EB85
:101F100081001430016862F30F010160704770B5F1
:101F200004000E0015002000C0B2FFF74BFFDFF8E1
:101F3000A4052100C9B250F82100F6B200EB8600DA
:101F40002430016865F30B0101602000C0B2FFF787
:101F50002EFF70BDDFF87825C0B252F82000426B2A
:101F6000012313FA01F1114341637047DFF8602543
:101F7000C0B252F82000426B012313FA01F132EA99
:101F8000010141637047DFF84C35C0B253F82000BF
:101F9000C9B200EB81003C30D2B2016862F3861115
:101FA0000160704770B504000E0015002000C0B23B
:101FB000FFF708FFDFF81C052100C9B250F8210027
:101FC000F6B200EB86003C30EDB2016865F300012B
:101FD00001602000C0B2FFF7EAFE70BDDFF8F43404
:101FE000C0B253F82000C9B200EB81005C30016838
:101FF00062F30F010160704770B504000D00160018
:102000002000C0B2FFF7DEFEDFF8C4042100C9B231
:1020100050F82100C16FF6B2002E07D14FF4807244
:1020200012FA05F531EA0505C56705E04FF480723F
:1020300012FA05F50D43C5672000C0B2FFF7B7FEE1
:1020400070BD70B504000D0016002000C0B2FFF78F
:10205000B9FEDFF87C042100C9B250F82100C16F3D
:10206000F6B2002E06D1012212FA05F531EA050575
:10207000C56704E0012212FA05F50D43C56720008B
:10208000C0B2FFF794FE70BDDFF84434C0B253F81D
:102090002000D0F88030D2B2002A07D1012212FAF3
:1020A00001F133EA0101C0F8801005E0012212FAC3
:1020B00001F11943C0F880107047DFF81824C0B24E
:1020C00052F820008030C9B2026861F30822026031
:1020D000704770B504000D0016002000C0B2FFF775
:1020E00071FEDFF8EC032100C9B250F82100D0F8EE
:1020F0008810F6B2002E08D14022ED0012FA05F544
:1021000031EA0505C0F8885006E04022ED0012FAD9
:1021100005F50D43C0F888502000C0B2FFF747FE18
:1021200070BD70B504000E0015002000C0B2FFF7AE
:1021300049FEDFF8A0032100C9B250F82100F6B231
:10214000002E05D0022E25D013D3032E33D043E02A
:1021500010F188012A00D2B20B6862F304130B60FD
:102160008830EDB26D08EDB2016865F3451101608C
:1021700032E010F188012A00D2B20B6862F30C330E
:102180000B608830EDB26D08EDB2016865F34D313A
:10219000016021E010F188012A00D2B20B6862F3DD
:1021A00014530B608830EDB26D08EDB2016865F331
:1021B0005551016010E010F188012A00D2B20B687D
:1021C00062F31C730B608830EDB26D08EDB20168EC
:1021D00065F35D710160FFE72000C0B2FFF7E7FD26
:1021E00070BD70B504000E0015002000C0B2FFF7EE
:1021F000E9FDB8482100C9B250F82100F6B2002E1E
:1022000005D0022E11D009D3032E15D01BE0883043
:10221000EDB2016865F3C301016014E08830EDB2EE
:10222000016865F3CB2101600DE08830EDB20168F3
:1022300065F3D341016006E08830EDB2016865F3D3
:10224000DB610160FFE72000C0B2FFF7B0FD70BDA9
:10225000A04BC0B253F82000C9B2002905D0022912
:1022600011D009D3032915D01BE08830D2B2016800
:1022700062F38201016014E08830D2B2016862F337
:102280008A2101600DE08830D2B2016862F3924188
:10229000016006E08830D2B2016862F39A610160A1
:1022A000FFE7704770B504000E0015002000C0B2B3
:1022B000FFF788FD87482100C9B250F82100F6B227
:1022C000002E05D0022E11D009D3032E15D01BE00D
:1022D0008830EDB2016865F34101016014E0883097
:1022E000EDB2016865F3492101600DE08830EDB27F
:1022F000016865F35141016006E08830EDB2016884
:1023000065F359610160FFE72000C0B2FFF74FFDA0
:1023100070BD70B504000E0015002000C0B2FFF7BC
:1023200051FD6C482100C9B250F82100F6B2002ED0
:1023300005D0022E11D009D3032E15D01BE0883012
:10234000EDB2016865F30001016014E08830EDB280
:10235000016865F3082101600DE08830EDB2016885
:1023600065F31041016006E08830EDB2016865F365
:1023700018610160FFE72000C0B2FFF718FD70BDD3
:10238000544AC0B252F820008C30026861F3134204
:102390000260704770B504000E0015002000C0B246
:1023A000FFF710FD4B482100C9B250F82100F6B2EA
:1023B000002E05D0022E11D009D3032E15D01BE01C
:1023C0008C30EDB2016865F30001016014E08C30DF
:1023D000EDB2016865F3410101600DE08C30EDB2B2
:1023E000016865F38201016006E08C30EDB201689E
:1023F00065F3C3010160FFE72000C0B2FFF7D7FC1F
:1024000070BD38B504000D002000C0B2FFF7DAFC43
:1024100030482100C9B250F821008C30EDB201687B
:1024200065F3145101602000C0B2FFF7C0FC31BD5C
:1024300038B504000D002000C0B2FFF7C3FC2548EA
:102440002100C9B250F821008C30EDB2016865F36B
:102450004D3101602000C0B2FFF7A9FC31BD70B55D
:1024600004000E0015002000C0B2FFF7ABFC1948B5
:102470002100C9B250F82100F6B2002E05D0022E7C
:1024800011D009D3032E15D01BE08C30EDB20168BA
:1024900065F30821016014E08C30EDB2016865F34A
:1024A000492101600DE08C30EDB2016865F38A21AD
:1024B000016006E08C30EDB2016865F3CB2101606C
:1024C000FFE72000C0B2FFF772FC70BD0000000003
:1024D0005C93000054930000188D000070B5040058
:1024E0000E0015002000C0B2FFF76CFCDFF8D0082A
:1024F0002100C9B250F82100F6B2002E05D0022EFC
:1025000011D009D3032E15D01BE08C30EDB2016839
:1025100065F30411016014E08C30EDB2016865F3DD
:10252000451101600DE08C30EDB2016865F3861154
:10253000016006E08C30EDB2016865F3C7110160FF
:10254000FFE72000C0B2FFF732FC70BD70B5040099
:102550000D0016002000C0B2FFF734FCDFF864085D
:102560002100C9B250F82100D0F89410F6B2002E24
:1025700007D1012212FA05F531EA0505C0F8945099
:1025800005E0012212FA05F50D43C0F89450200031
:10259000C0B2FFF70CFC70BDC010002070B5040085
:1025A0000D0016002000C0B2FFF70CFCDFF8140885
:1025B0002100C9B250F82100D0F89810F6B2002ED0
:1025C00007D1012212FA05F531EA0505C0F8985045
:1025D00005E0012212FA05F50D43C0F898502000DD
:1025E000C0B2FFF7E4FB70BDF8B504000D002E7813
:1025F0007600771C2A7929782000C0B2FFF791FD78
:102600006A7929782000C0B2FFF7EBFDA87901288C
:1026100006D13100C9B22000C0B2FFF79BFC05E033
:102620003100C9B22000C0B2FFF7A0FCE879012850
:1026300006D13900C9B22000C0B2FFF78BFC05E01B
:102640003900C9B22000C0B2FFF790FC6A7A3100AD
:10265000C9B22000C0B2FFF7A5FC2A7A3100C9B286
:102660002000C0B2FFF7EDFC2A7A3900C9B2200081
:10267000C0B2FFF7E6FC6A893100C9B22000C0B2DF
:10268000FFF7ACFCAA893900C9B22000C0B2FFF73D
:10269000A5FCAA7B3100C9B22000C0B2FFF7ACFC98
:1026A000EA7B3900C9B22000C0B2FFF7A5FC2A7C42
:1026B0003100C9B22000C0B2FFF7E6FC6A7C3900E5
:1026C000C9B22000C0B2FFF7DFFCE87C01281BD1B3
:1026D0006A7D3100C9B22000C0B2FFF737FFEA7D42
:1026E0003100C9B22000C0B2FFF758FFAA7D3900FF
:1026F000C9B22000C0B2FFF729FF2A7E3900C9B253
:102700002000C0B2FFF74AFF012229782000C0B2A2
:10271000FFF7DFFC6A8829782000C0B2FFF7FFFBD3
:10272000EA7C29782000C0B2FFF7F3FDAA7C297863
:102730002000C0B2FFF7B6FD2A7D29782000C0B284
:10274000FFF786FDF1BD70B504000D00160071683D
:102750002000C0B2FFF748FFB2782900C9B22000BC
:10276000C0B2FFF7A9FB32882900C9B22000C0B26D
:10277000FFF7C7FB70BD70B504000D00697820003D
:10278000C0B2FFF7FDFDA9782000C0B2FFF739FE07
:10279000E9782000C0B2FFF74BFE00262DE0686804
:1027A0003100C9B200EB8100827868683100C9B29B
:1027B00010F821102000C0B2FFF7ECFD686831006E
:1027C000C9B200EB8100C27868683100C9B210F864
:1027D00021102000C0B2FFF742FE68683100C9B284
:1027E00000EB8100427868683100C9B210F821100E
:1027F0002000C0B2FFF772FE761C30002978C0B20C
:102800008842CCD370BDDFF8B835C0B253F8200091
:10281000C9B2002905D0022911D009D3032915D046
:102820001BE0A030D2B2016862F30411016014E031
:10283000A030D2B2016862F3451101600DE0A03012
:10284000D2B2016862F38611016006E0A030D2B214
:10285000016862F3C7110160FFE77047DFF8603578
:10286000C0B253F82000C9B2002905D0022911D006
:1028700009D3032915D01BE0A030D2B2016862F35E
:102880000001016014E0A030D2B2016862F341019E
:1028900001600DE0A030D2B2016862F382010160F4
:1028A00006E0A030D2B2016862F3C3010160FFE725
:1028B0007047DFF80C35C0B253F82000C9B20029C8
:1028C00005D002290FD008D3032912D017E0A43075
:1028D000016862F30401016011E0A430016862F351
:1028E0000C2101600BE0A430016862F31441016027
:1028F00005E0A430016862F31C610160FFE77047E6
:1029000070B504000D00160032782900C9B220000D
:10291000C0B2FFF778FF72782900C9B22000C0B2B8
:10292000FFF79CFFB2782900C9B22000C0B2FFF7C0
:10293000C0FF70BD10B4DFF88834C0B253F8203047
:10294000D2B2002A01D1012000E00020C9B2002942
:102950001CD002292AD021D3042937D02ED306290E
:1029600044D03BD3082951D048D30A295ED055D34F
:102970000C296BD062D30E2978D06FD3102900F0C8
:1029800085807BD3112900F089800FE113F13C0190
:10299000C0B20A6860F304120A6007E113F1400153
:1029A000C0B20A6860F304120A60FFE013F1440148
:1029B000C0B20A6860F304120A60F7E013F148013C
:1029C000C0B20A6860F304120A60EFE013F14C0130
:1029D000C0B20A6860F304120A60E7E013F1500124
:1029E000C0B20A6860F304120A60DFE013F1540118
:1029F000C0B20A6860F304120A60D7E013F158010C
:102A0000C0B20A6860F304120A60CFE013F1340127
:102A1000C0B20A6860F310420A60C7E013F13401E3
:102A2000C0B20A6860F351420A60BFE013F134019A
:102A3000C0B20A6860F392420A60B7E013F1340151
:102A4000C0B20A6860F3D3420A60AFE013F1340108
:102A5000C0B20A6860F314520A60A7E013F13401AF
:102A6000C0B20A6860F355520A609FE013F1340166
:102A7000C0B20A6860F396520A6097E013F134011D
:102A8000C0B20A6860F3D7520A608FE013F18C017C
:102A9000C0B20A6860F30C320A6087E013F13C01AF
:102AA0000200D2B20C6862F304140C6013F140010E
:102AB0000200D2B20C6862F304140C6013F14401FA
:102AC0000200D2B20C6862F304140C6013F14801E6
:102AD0000200D2B20C6862F304140C6013F14C01D2
:102AE0000200D2B20C6862F304140C6013F15001BE
:102AF0000200D2B20C6862F304140C6013F15401AA
:102B00000200D2B20C6862F304140C6013F1580195
:102B10000200D2B20C6862F304140C6013F13401A9
:102B20000200D2B20C6862F310440C6013F134015D
:102B30000200D2B20C6862F351440C6013F134010C
:102B40000200D2B20C6862F392440C6013F13401BB
:102B50000200D2B20C6862F3D3440C6013F134016A
:102B60000200D2B20C6862F314540C6013F1340109
:102B70000200D2B20C6862F355540C6013F13401B8
:102B80000200D2B20C6862F396540C6013F1340167
:102B90000200D2B20C6862F3D7540C6013F18C01BE
:102BA000C0B20A6860F30C320A60FFE710BC7047DD
:102BB000DFF80C22C0B252F82000C9B200291AD0A6
:102BC000022924D01DD304292DD026D3062936D09E
:102BD0002FD308293FD038D30A2948D041D30C2914
:102BE00051D04AD30E295AD053D3102963D05CD385
:102BF00011296CD0D7E03C30016831F02001016030
:102C0000D1E04030016831F020010160CBE0443078
:102C1000016831F020010160C5E04830016831F001
:102C200020010160BFE04C30016831F020010160FB
:102C3000B9E05030016831F020010160B3E0543058
:102C4000016831F020010160ADE05830016831F0D9
:102C500020010160A7E03830016831F48071016023
:102C6000A1E03830016831F4007101609BE0383038
:102C7000016831F48061016095E03830016831F419
:102C8000006101608FE03830016831F480510160EB
:102C900089E03830016831F40051016083E0383058
:102CA000016831F4804101607DE03830016831F421
:102CB0000041016077E010F190010A6832F01002E3
:102CC0000A609030016831F0200101606BE010F182
:102CD0003C010A6832F020020A6010F140010A68E3
:102CE00032F020020A6010F144010A6832F020023A
:102CF0000A6010F148010A6832F020020A6010F1FF
:102D00004C010A6832F020020A6010F150010A6892
:102D100032F020020A6010F154010A6832F02002F9
:102D20000A6010F158010A6832F020020A6010F1BE
:102D300038010A6832F480720A6010F138010A68BA
:102D400032F400720A6010F138010A6832F48062CD
:102D50000A6010F138010A6832F400620A6010F16A
:102D600038010A6832F480520A6010F138010A68AA
:102D700032F400520A6010F138010A6832F48042DD
:102D80000A6010F138010A6832F400420A6010F15A
:102D900090010A6832F010020A609030016831F048
:102DA00020010160FFE7704710B4074CC0B2442314
:102DB00058432044C9B240F8212010BC704700009D
:102DC000549300005C930000C010002010B5DFF8A1
:102DD000944820684069C0F3804000281AD02068D9
:102DE0004069C00F002805D05FF0B640DFF87818C2
:102DF0000968486120681430016851F000410160A1
:102E0000DFF868180868002802D00868804701E0E9
:102E100000F0ADF92068C069C0F3804000281AD0E6
:102E20002068C069C00F002805D05FF0B640DFF809
:102E300038180968C86120681C30016851F00041E9
:102E40000160DFF828184868002802D048688047E9
:102E500001E000F0A6F9BFF34F8F10BD38B5002494
:102E6000DFF800582968096BC90F002905D05FF009
:102E7000B641DFF8F42712681163296830310A6817
:102E800052F080720A60296830310A6852F00042BC
:102E90000A602968896AC90F002905D05FF0B64128
:102EA000DFF8C42712689162296828310A6852F451
:102EB00040520A60296828310A6852F400720A6098
:102EC00029682831C0B20A6860F341020A602868A4
:102ED0002830016851F0010101602868283001683C
:102EE00051F000410160052000F0C2FB002801D034
:102EF000012417E05FF0B640DFF86C1709688862BC
:102F000028682830016851F0007101602868283075
:102F1000016831F40071016028682830016851F0BF
:102F2000004101602000C0B232BD38B5DFF834473F
:102F300023689B69DB0F002B05D05FF0B643DFF8F9
:102F400028572D68AB6123681833C0B21D6860F341
:102F500082051D6020681830D2B2036862F3000356
:102F6000036020681830026852F002020260206894
:102F70001830026852F00042026020684069C00FB9
:102F8000002805D05FF0B640DFF8DC2612685061FB
:102F9000DFF8D4261068406930F4802030F0020059
:102FA000C9B250EA410050F0010050F000401168F1
:102FB0004861042000F05CFB32BD10B50024010024
:102FC000C9B2012926D1032000F052FB002800D00D
:102FD00001242000C0B2002872D1DFF888160868EA
:102FE000C068C00F002805D05FF0B640DFF8782633
:102FF0001268D060DFF8700601220368DB6862F3B4
:1030000012430068C36008680C30016851F0004149
:10301000016055E00100C9B2022926D1042000F068
:1030200027FB002800D001242000C0B2002847D18F
:10303000DFF830160868C068C00F002805D05FF0C0
:10304000B640DFF824261268D060DFF81C060222A2
:103050000368DB6862F312430068C36008680C30E1
:10306000016851F0004101602AE0C0B2032826D176
:10307000052000F0FDFA002800D001242000C0B295
:1030800000281DD1DFF8DC150868C068C00F0028D3
:1030900005D05FF0B640DFF8D0251268D060DFF8C9
:1030A000C80503220368DB6862F312430068C3604B
:1030B00008680C30016851F00041016000E0012413
:1030C0002000C0B210BDDFF89C251168C96AC90F85
:1030D000002905D05FF0B641DFF88C351B68D96256
:1030E00011682C31C0B20B6860F345130B60106897
:1030F0002C30016851F000410160704710B4DFF8D6
:1031000064251168C96AC90F002905D05FF0B6416E
:10311000DFF854351B68D96211682C3143780C688C
:1031200063F312440C6011682C3103780C6863F36C
:1031300001040C6011682C3143680C6863F30F24A0
:103140000C6011682C31437A0C6863F304140C6032
:1031500011682C31007A0B6860F345130B6010681E
:103160002C30016851F00041016010BC7047DFF85D
:10317000F40400684069C00F002805D05FF0B64035
:10318000DFF8E41409684861DFF8DC140868406976
:1031900030F4802030F4007050F00040096848613D
:1031A0007047DFF8C0040068C069C00F002805D070
:1031B0005FF0B640DFF8B0140968C861DFF8A81402
:1031C0000868C06930F4802030F4007050F000408E
:1031D0000968C8617047DFF864250300DBB29B080B
:1031E00052F82320C0B2042853D0082851D00C280C
:1031F0004FD010284DD014284BD0182849D01C2867
:1032000047D0202845D0242843D0282841D02C2836
:103210003FD030283DD034283BD0382839D03C2806
:1032200037D0402835D0442833D0482831D04C28D6
:103230002FD050282DD054282BD0582829D05C28A6
:1032400027D0602825D0642823D0682821D06C2876
:103250001FD070281DD074281BD0782819D07C2846
:1032600017D0802815D0852824D0862841D08728DB
:103270005ED088280DD08C280BD0A02809D0B0288B
:1032800007D0B42805D0B82803D0BC2801D0C02866
:103290006CD11068C00F002802D05FF0B6401060FB
:1032A0001000036861F30B230360106850F00040C6
:1032B00010605BE0DFF8AC231068C068C00F002826
:1032C00005D05FF0B640DFF8A0331B68D860DFF8A8
:1032D00098030368DB6833F47063C9B253EA0123CF
:1032E0000068C36010680C30016851F00041016053
:1032F0003CE0DFF870231068C068C00F002805D0DC
:103300005FF0B640DFF860331B68D860DFF8580321
:103310000368DB6833F0F003C9B253EA01130068B5
:10332000C36010680C30016851F0004101601DE07D
:10333000DFF830231068C068C00F002805D05FF0A8
:10334000B640DFF824331B68D860DFF81C0303683D
:10335000DB681B091B01C9B219430068C160106812
:103360000C30016851F000410160FFE7704781B007
:10337000DFF8C8230300DBB29B0852F823200023A8
:103380008DF80030C0B2042800F0228108285CD0FB
:103390000C285AD0102858D0142856D0182854D0A9
:1033A0001C2852D0202850D024284ED028284CD079
:1033B0002C2800F09580302800F09280342800F00E
:1033C0008F80382800F08C803C2800F089804028CD
:1033D00000F08680442800F08380482800F0808038
:1033E0004C2832D0502830D054282ED058282CD0F9
:1033F0005C282AD0602828D0642826D0682824D0C9
:103400006C2822D0702820D074281ED078281CD098
:103410007C281AD0802818D0882800F0D9808C28E1
:1034200000F0D680A02800F09280B02800F0D08074
:10343000B42800F0CD80B82800F0CA80BC2800F085
:10344000C780C02800F0C48003E11068C00F0028C6
:1034500002D05FF0B64010600800C0B2012805D16C
:103460001000036861F30613036034E00800C0B283
:10347000022805D11000036861F3061303602AE0F7
:103480000800C0B2032805D11000036861F30613D9
:10349000036020E00800C0B2042805D110000368D2
:1034A00061F30613036016E00800C0B2052805D1D9
:1034B0001000036861F3061303600CE00800C0B25B
:1034C000002805D11000036861F30613036002E0D1
:1034D00001208DF80000106850F000401060BBE043
:1034E0001068C00F002802D05FF0B64010600800DE
:1034F000C0B2032805D11000036861F3061303600E
:1035000020E00800C0B2042805D11000036861F370
:103510000613036016E00800C0B2052805D11000AC
:10352000036861F3061303600CE00800C0B20028D2
:1035300005D11000036861F30613036002E0012067
:103540008DF80000106850F00040106084E01068B2
:10355000C00F002802D05FF0B64010600800C0B273
:10356000032805D11000036861F3061303602AE005
:103570000800C0B2042805D11000036861F30613E7
:10358000036020E00800C0B2052805D110000368E0
:1035900061F30613036016E00800C0B2062805D1E7
:1035A0001000036861F3061303600CE00800C0B26A
:1035B000002805D11000036861F30613036002E0E0
:1035C00001208DF80000106850F00040106043E0CA
:1035D0001068C00F002802D05FF0B64010600800ED
:1035E000C0B2012805D11000036861F3061303601F
:1035F0002AE00800C0B2022805D11000036861F378
:103600000613036020E00800C0B2032805D11000B3
:10361000036861F30613036016E00800C0B20428D3
:1036200005D11000036861F3061303600CE0080085
:10363000C0B2002805D11000036861F306130360CF
:1036400002E001208DF80000106850F0004010608A
:1036500002E001208DF800009DF8000001B07047E5
:1036600000000000E0990000E4990000F014002040
:1036700081B00100002000900020C9B201290DD0C6
:1036800005D303291AD029D3052947D036D30120E1
:10369000C0B201B070470099491C009129490968DE
:1036A0004968C1F38001002904D10099264A91425A
:1036B000F1D30120ECE70099491C009120490968E9
:1036C000C969C1F30041002904D100991E4A914201
:1036D000F1D30120DCE70099491C009116490968E3
:1036E0000968C1F34021002904D10099174A914289
:1036F000F1D30120CCE70099491C009110490968D9
:103700004969C1F30041002904D100990E4A914250
:10371000F1D30120BCE70099491C009108490968D0
:10372000896AC1F30041002904D10099064A9142F7
:10373000F1D30120ACE70000DC9900006C890000A7
:10374000E0990000E8990000A1860100414B4C007F
:1037500070B5DFF800452068C5692068C06805407D
:1037600000261DE02068C26851F8260082432068C8
:10377000C26014E0DFF8E01451F8260005420ED0D4
:10378000DFF8D80450EA064022685061DFF8D02400
:1037900052F836000028E5D052F836008047761CF3
:1037A000102EE7D370BD10B5DFF8A8442168096A70
:1037B000DFF8A4240300DBB252F82320114225D005
:1037C0000100C9B20200D2B252EA016242F4000220
:1037D00052F4004221684A61DFF884240100C9B232
:1037E00002EBC1014968002905D0C0B202EBC0005C
:1037F000406880470AE00023012201212468C0B20A
:103800004001204410F5067000F001F810BDF0B43E
:103810000024002400240027002405685FF0010C28
:103820001CFA02F6761E8E40B5431CFA02F2521EB6
:103830001A4012FA01F12943016016EA010200E080
:103840007F1C03683340934203D00160652FF7D398
:1038500001242000C0B2F0BC704710B4DFF8081497
:103860000A688378146863F3410414600A68037873
:10387000146863F3C3041460096840780A6860F34D
:1038800082020A6010BC7047DFF8C8130A685268E9
:10389000DFF8C433C0B253F8200002430868426026
:1038A000704738B51300C9B2002903D0022926D0C9
:1038B00015D345E0DFF89C432168CA68DFF8981308
:1038C0000500EDB251F825108A43DBB25B1C13F002
:1038D000010313FA00F010432168C86030E0DBB246
:1038E0005B1C13F0010301220121DA4C2468C0B2F1
:1038F0004001204410F50670FFF789FF20E0D54C09
:103900002168CA68D4490500EDB251F825108A43F0
:103910001900C9B2491C11F0010181400A43216814
:10392000CA60DBB25B1C13F0010301220121246891
:10393000C0B24001204410F50670FFF768FFFFE7B2
:1039400031BD0B00DBB2022B06DAC54BC0B203EB74
:10395000C000C9B240F821207047F8B50400002724
:103960002578BC4E306810F128022800C0B28008CB
:103970008000821801236068A17E13FA01F1491EBC
:10398000084206D1A068E17E13FA01F1491E0842FF
:1039900000D00127B4F90C00002807D4B4F90C00BA
:1039A000A17E13FA01F1491E08400AE0B4F90C00A7
:1039B000401E5FF0FF314840A17E13FA01F1491E1D
:1039C0000840002818D1B4F90E00002807D4B4F933
:1039D0000E00E17E13FA01F1491E08400AE0B4F935
:1039E0000E00401E5FF0FF314840E17E13FA01F106
:1039F000491E0840002800D00127B4F91000002813
:103A000007D4B4F91000A17E13FA01F1491E084051
:103A10000AE0B4F91000401E5FF0FF314840A17E7B
:103A200013FA01F1491E0840002818D1B4F9120018
:103A3000002807D4B4F91200E17E13FA01F1491EFF
:103A400008400AE0B4F91200401E5FF0FF31484020
:103A5000E17E13FA01F1491E0840002800D0012739
:103A60006069A17E13FA01F1491E084205D161691E
:103A7000E07E83405B1E194200D001276069002868
:103A800000D101273800C0B2002840F0E08075481E
:103A900001682B00DBB201EB8301E378D1F800C0B1
:103AA00063F3470CC1F800C0E178802909D00068B1
:103AB0002900C9B200EB8100016851F001010160E9
:103AC00008E000682900C9B200EB810001684908DC
:103AD0004900016010680F21EB0013F01803D3F1C7
:103AE0001803994088436178EB0013F01803D3F171
:103AF0001803994008430321EB0013F01803D3F196
:103B00001E0399408843A178EB0013F01803D3F10A
:103B10001E0399400843106063682022002130682A
:103B2000AC465FFA8CFC5FEA4C1C604410F50070F8
:103B3000FFF76DFEA368202200213068AC465FFAD3
:103B40008CFC5FEA4C1C604410F50170FFF75FFECF
:103B5000B4F90C30102200213068AC465FFA8CFCBE
:103B60005FEA4C1C604410F50270FFF750FEB4F998
:103B70000E30102210213068AC465FFA8CFC5FEAF0
:103B80004C1C604410F50270FFF741FEA37E022238
:103B900018213068AC465FFA8CFC5FEA4C1C60442C
:103BA00010F50670FFF733FEE37E02221021306825
:103BB000AC465FFA8CFC5FEA4C1C604410F5067062
:103BC000FFF725FE6369202200213068AC465FFACA
:103BD0008CFC5FEA4C1C604410F50470FFF717FE84
:103BE000B4F91030102200213068AC465FFA8CFC2A
:103BF0005FEA4C1C604410F50370FFF708FEB4F94F
:103C00001230102210213068AC465FFA8CFC5FEA5B
:103C10004C1C604410F50370FFF7F9FD238B102254
:103C200000213068AC465FFA8CFC5FEA4C1C6044B3
:103C300010F50570FFF7EBFD237F012203213068AB
:103C4000EDB26D01284410F50670FFF7E0FD380075
:103C5000C0B2F2BDF8990000E48D000080800080C1
:103C600048110020F0990000F499000080B5002070
:103C7000FFF799FDBFF34F8F01BD000080B5012014
:103C8000FFF791FDBFF34F8F01BD000080B502200B
:103C9000FFF789FDBFF34F8F01BD000080B5032002
:103CA000FFF781FDBFF34F8F01BD000080B50420F9
:103CB000FFF779FDBFF34F8F01BD000080B50520F0
:103CC000FFF771FDBFF34F8F01BD000080B50620E7
:103CD000FFF769FDBFF34F8F01BD000080B50720DE
:103CE000FFF761FDBFF34F8F01BD000080B50820D5
:103CF000FFF759FDBFF34F8F01BD000080B50920CC
:103D0000FFF751FDBFF34F8F01BD000080B50A20C2
:103D1000FFF749FDBFF34F8F01BD000080B50B20B9
:103D2000FFF741FDBFF34F8F01BD000080B50C20B0
:103D3000FFF739FDBFF34F8F01BD000080B50D20A7
:103D4000FFF731FDBFF34F8F01BD000080B50E209E
:103D5000FFF729FDBFF34F8F01BD000080B50F2095
:103D6000FFF721FDBFF34F8F01BD000080B5FFF7C6
:103D7000EFFCBFF34F8F01BD10B50400002060645D
:103D800094ED000A200000F0B1FA94ED050A14F158
:103D9000140000F0ABFA9FED380A14F1280000F08F
:103DA000A5FA10BD90ED0F0AD0ED120A20EE200A00
:103DB000D0ED090A90ED111A00EE201A80ED111ACB
:103DC00007E090ED110ADFED2D0A30EE200A80EDBC
:103DD000110A90ED110ADFED2A0AB4EE600AF1EE45
:103DE00010FAEEDA90ED110AB5EE400AF1EE10FA93
:103DF00008D590ED110ADFED230A30EE200A80EDA0
:103E0000110AEFE77047000010B50400002060645D
:103E100094ED000A200000F069FA94ED050A14F10F
:103E2000140000F063FA9FED140A14F1280000F06A
:103E30005DFA10BD90ED060AF0EE000A20EE200AB1
:103E4000D0ED070A30EE600AD0ED080A30EE600AC5
:103E5000DFED0D0A20EE200A80ED120A90ED070A30
:103E6000D0ED080A30EE600ADFED080A20EE200AE5
:103E700080ED130A7047000000000000DB0FC9C08E
:103E8000DC0FC940DB0FC940ABAAAA3E3ACD133FB5
:103E900090ED120AD0ED010A20EE200AD0ED130AAF
:103EA00090ED021A00EE810A80ED140A90ED130ADB
:103EB000D0ED010A20EE200AD0ED120A90ED021A90
:103EC00000EEC10A80ED150A704790ED090AD0EDA9
:103ED000010A20EE200AD0ED0A0A90ED021A00EE47
:103EE000C10A80ED160A90ED090AD0ED020A20EE13
:103EF000200AD0ED0A0A90ED011A00EE810A80ED49
:103F0000170A704700210160002141600021816093
:103F10000021C160002181650021C165704700005A
:103F20001EB49FEDBF0A9FEDBE0A9FEDBD0A9FED37
:103F3000BC0ADFEDBB0A9FEDBA1A694600220023D6
:103F4000002481E81C0090ED171ADFEDB61A61EE2F
:103F5000211AB6EE001A90ED162AF0EE082A22EE8B
:103F6000222A32EE612A22EE012AD0ED052A22EE23
:103F7000222AD0ED162AB8EE083A62EE832A72EEB3
:103F8000E12A62EE812A90ED053A62EE832A90EDF5
:103F9000053A61EE831A002180F84410F5EE401ACC
:103FA000F1EE10FA04DD90F84410491C80F844103A
:103FB000B5EE402AF1EE10FA04DD90F84410891CA9
:103FC00080F84410F5EE402AF1EE10FA04DD90F886
:103FD0004410091D80F8441090F8441001290ED0B7
:103FE00026D3032906D01ED305290DD011D30629C7
:103FF00014D01DE0B0EE420AF0EE610A18E0B1EE16
:10400000420AF1EE620A13E0B0EE610AF0EE620AD3
:104010000EE0B1EE610AF1EE420A09E0B0EE620A8A
:10402000F0EE420A04E0B1EE620AF1EE610AFFE747
:1040300070EE201A90ED1B2AB4EE612AF1EE10FA10
:1040400009D5D0ED1B0A20EE800A80EE210AD0EDC2
:104050001B0A70EEC00AD0ED1B1A71EEC01A71EE89
:10406000E01AB5EE002A61EE821A90ED1C2A42EEAB
:10407000011ACDED001A6946DDED001A40EE011A75
:10408000C1ED011AD1ED011A40EE811AC1ED021AFB
:1040900090F84420012A26D0C0F0AA80032A07D035
:1040A000C0F08B80052A37D051D3062A6AD09FE012
:1040B000B0EE001AF0EE601A40EE011A9FED5A0AB7
:1040C00021EE800A90ED041A20EE010A80ED160A16
:1040D0009FED560A20EE800AD0ED040A20EE200A59
:1040E00080ED170A84E030EEC01ADFED4F1A21EEA2
:1040F000211AD0ED041A21EE211A80ED161A30EEA5
:10410000200ADFED4A0A20EE200AD0ED040A20EE54
:10411000200A80ED170A6BE0B8EE001A60EE810A03
:1041200070EEC00A9FED401A60EE810A90ED041A0D
:1041300060EE810AC0ED160ADFED3C0A20EE200A8F
:10414000D0ED040A20EE200A80ED170A50E0B8EE08
:10415000001A60EE810A70EEC00A9FED331A60EE1D
:10416000810A90ED041A60EE810AC0ED160ADFEDB7
:10417000300A20EE200AD0ED040A20EE200A80ED5D
:10418000170A35E030EEC01ADFED271A21EE211AAA
:10419000D0ED041A21EE211A80ED161AB1EE400A74
:1041A00030EE600ADFED210A20EE200AD0ED040A8D
:1041B00020EE200A80ED170A1AE0B0EE001AF0EEA9
:1041C000601A40EE011A9FED180A21EE800A90ED68
:1041D000041A20EE010A80ED160A9FED150A20EE62
:1041E000800AD0ED040A20EE200A80ED170AFFE7CE
:1041F000DFF8882090F84430D35C51F82330036610
:1042000090F8443013441B7A51F82330436690F8F9
:1042100044301A44127C51F82210816617BC704752
:1042200000000000D7B3DD3FABAAAA3E3ACD133F52
:104230003ACD13BF10B504009FED0F0A200000F027
:10424000B5F89FED0D0A14F1240000F0AFF89FEDD2
:104250000A0A14F1480000F049F810BD10B5040036
:104260009FED050A200000F0A1F89FED030A14F16C
:10427000240000F09BF810BD000000004C08002056
:1042800010B5040094ED120AD4ED1B0A20EE200AAA
:1042900084ED170A94ED120AD4ED1B0A20EE200AD1
:1042A00084ED180AE06DE06194ED170AB1EE400A62
:1042B00084ED080AE06C2060606D6060200000F012
:1042C0007EF8A0696066206E206494ED180AB1EE55
:1042D000400A84ED110A206D6062A06DA06214F1A5
:1042E000240000F06CF8E06BA06610BD80ED040ABD
:1042F000704790ED040AD0ED010AB4EE600AF1EEC9
:1043000010FA18D590ED040AD0ED020A30EE200A1A
:10431000D0ED010AB4EE600AF1EE10FA08D590ED86
:10432000040AD0ED020A30EE200A80ED040A26E0ED
:104330004168016123E090ED010AD0ED040AB4EE7A
:10434000600AF1EE10FA18D590ED040AD0ED030AD8
:1043500030EE200AD0ED010AF4EE400AF1EE10FA38
:1043600008D590ED040AD0ED020A30EE600A80ED27
:10437000040A04E04168016101E04168016170479D
:1043800080ED010A704790ED020AD0ED000A20EEA0
:10439000200AF7EE000A90ED021A70EEC10A90EDC5
:1043A000011A00EE810A80ED010A704700210160C8
:1043B0000021416080ED050A80ED060A704790ED0E
:1043C000000AD0ED010A30EE600AD0ED030A90ED4C
:1043D000051A00EE801A80ED051AD0ED050A90ED61
:1043E000071AF4EE410AF1EE10FA02D5D0ED050AF3
:1043F00001E0D0ED070A90ED081AB4EE601AF1EE74
:1044000010FA0ED5D0ED050A90ED071AF4EE410A28
:10441000F1EE10FA02D5D0ED050A04E0D0ED070A5E
:1044200001E0D0ED080AC0ED050AD0ED020A90EDDA
:10443000051A00EE801A80ED061A90ED060AD0EDFE
:10444000070AB4EE600AF1EE10FA02D590ED060A02
:1044500001E090ED070AD0ED080AF4EE400AF1EE13
:1044600010FA0ED590ED060AD0ED070AB4EE600AF8
:10447000F1EE10FA02D590ED060A04E090ED070A7D
:1044800001E090ED080A80ED060A704790ED000A01
:10449000DFED330A20EE200ADFED322A60EE220A39
:1044A000BDEEE01A324911EE102A01EB8202D2ED84
:1044B000001A11EE102A01EB820292ED012AB8EEE9
:1044C000C11A70EEC10A32EE611A41EE201AC0ED37
:1044D000021AF5EE000A30EE200A03E0FFEE000AB1
:1044E00030EE200ADFED200AB4EE600AF1EE10FA99
:1044F000F4DA20EE220AFDEEC00A10EE902A01EB5B
:10450000820292ED001A10EE902A01EB8201D1EDA9
:10451000011AF8EEE00A30EE600A71EEC10A00EE10
:10452000801A80ED011A704781B0B5EE400AF1EEB5
:1045300010FA10DDF6EE001A20EE211A10EE100A25
:104540000C4911EB60010091DDED000A81EE200ABB
:1045500000EEA10A01E09FED050A01B070470000DE
:1045600083F9223E000000440100803F000000006B
:1045700044000020F51DBD1F70B5A2B00400F54D2C
:10458000F5480068029005220221012000F048FA57
:1045900004220821042000F043FA0522052101200D
:1045A00000F03EFA05220421012000F039FA05222C
:1045B0000321022000F034FA07220721032000F033
:1045C0002FFA07220621032000F02AFA00208DF896
:1045D000440000208DF8480000208DF8490001209B
:1045E0008DF84D0001208DF84A0001208DF84B0018
:1045F00000208DF84C0040F6C4163000ADF84E0097
:104600000020ADF8500000208DF8520000208DF8F9
:10461000530000208DF8540000208DF85500002034
:104620008DF8560001208DF8570001208DF85800B4
:1046300000208DF8590000208DF85A0000208DF8D8
:104640005B0000208DF85C00A020ADF84600012042
:104650008DF872003000ADF8700011A81D901CAAF2
:1046600000210120FEF76FF8012200210120FDF753
:1046700030FD01208DF8280000208DF82C0000204E
:104680008DF82D0001208DF8310001208DF82E00CD
:1046900001208DF82F0000208DF830003000ADF89B
:1046A00032000020ADF8340000208DF836000020E4
:1046B0008DF8370000208DF8380000208DF8390083
:1046C00000208DF83A0001208DF83B0001208DF884
:1046D0003C0000208DF83D0000208DF83E000020B9
:1046E0008DF83F0000208DF84000A020ADF82A0092
:1046F00001208DF86A003000ADF868000AA81B9010
:104700001AAA00210120FEF71EF801220121012032
:10471000FDF7DFFC02208DF80C0000208DF8100062
:1047200000208DF8110001208DF8150001208DF872
:10473000120001208DF8130000208DF814003000C5
:10474000ADF816000020ADF8180000208DF81A0012
:1047500000208DF81B0000208DF81C0000208DF833
:104760001D0000208DF81E0001208DF81F00012083
:104770008DF8200000208DF8210000208DF8220007
:1047800000208DF8230000208DF82400A020ADF833
:104790000E0001208DF862003000ADF8600003A823
:1047A000199018AA00210120FDF7CDFF0122022156
:1047B0000120FDF78EFC1EA80021417000218170B0
:1047C0000121C17000218DF8781000214171002174
:1047D00081710121C171012101710021417200210A
:1047E000817201218DF883100221017201218DF85F
:1047F0008510012181730121C173032101730420FC
:104800008DF8000000208DF803000F208DF80100C6
:1048100000208DF802001EA8019069460120FDF7D6
:10482000AAFF012201210120FDF7E3FA02AA0021DB
:104830000120FEF765F815F1A000016851F48071C0
:10484000016015F1A000016851F40071016015F1DB
:10485000A000016851F48061016015F15C000168FD
:1048600066F30F01016015F16400016866F30F0142
:10487000016015F16C00016866F30F010160012110
:104880000120FDF71AFC220010210120FEF78CFA0E
:1048900010210120FEF78CF9002210210120FEF7E3
:1048A00049F8012200210120FEF744F801220121EC
:1048B0000120FEF73FF8012202210120FEF73AF81D
:1048C000012203210120FEF735F8012204210120F5
:1048D000FEF730F8012205210120FEF72BF8012216
:1048E00007210120FEF726F8012207210120FEF70B
:1048F00021F8002200210120FDF745FB00220121C3
:104900000120FDF740FB002202210120FDF73BFBC7
:10491000002203210120FDF736FB002204210120A3
:10492000FDF731FB002205210120FDF72CFB0022C1
:1049300006210120FDF727FB002207210120FDF7BA
:1049400022FB0120FDF78AFA00210120FDF76DFA14
:1049500022B070BD00A00140D89900002DE9F041BF
:104960000400DFF8D8012100C9B250F82150DFF867
:10497000D0012100C9B250F82160D5F890705FF0E5
:1049800000082DE05FF0B64006EB8801086105EBFA
:1049900088001030016831F47021016005EB880057
:1049A0001030016851F4004101600FE0380030FA26
:1049B00008F0C0070AD5DFF88C2110680028E1D084
:1049C0004146C9B22000C0B21268904715F190006C
:1049D0000168012111FA08F13940016018F101085C
:1049E000B8F1200FE2D3BFF34F8FBDE8F08180B55F
:1049F0000020FFF7B3FF01BD80B50120FFF7AEFF38
:104A000001BD80B50220FFF7A9FF01BD80B50320DD
:104A1000FFF7A4FF01BD80B50420FFF79FFF01BD94
:104A200030B4DFF818310400E4B253F82430DFF872
:104A30001041C0B254F820400800C0B203EB80001F
:104A40000069C0F3C030002806D05FF0B6400D000A
:104A5000EDB204EB850420610800C0B203EB8000D6
:104A60001030046862F30A240460C9B203EB8100C9
:104A70001030016851F40041016030BC704730B41F
:104A8000DFF8B8300400E4B253F82430DFF8B04067
:104A9000C0B254F820400800C0B203EB80000069A7
:104AA000C0F3C030002806D05FF0B6400D00EDB274
:104AB00004EB850420610800C0B203EB80001030D5
:104AC0001400E4B2056864F3000505600800C0B294
:104AD00003EB80001030D2B25208D2B2046862F305
:104AE00041040460C9B203EB81001030016851F445
:104AF0000041016030BC704710B4134BC0B253F892
:104B00002000436901248C40A343D2B212FA01F180
:104B10001943416110BC70470B4BC0B253F82000E1
:104B2000D2B2002A04D1012212FA01F1816003E01D
:104B3000012212FA01F14160704700006891000003
:104B40007C910000101500209091000010B5DFF856
:104B50005C130200D2B251F82220DFF85413030094
:104B6000DBB251F82310096ADFF848331B68194299
:104B700013D01423DFF840430100C9B259436158F0
:104B8000002904D0C0B258432058804705E012F1F4
:104B90001C000168490849000160BFF34F8F10BD38
:104BA0001CB5DFF808130200D2B251F82220DFF85A
:104BB00000130300DBB251F82310096A536A13F0A3
:104BC00001030093DFF8EC325B68194215D014231F
:104BD000DFF8E4420100C9B2594321444968002981
:104BE00005D0C0B2584320444068804705E012F128
:104BF0001C00016831F002010160BFF34F8F13BD4B
:104C000010B5DFF8A8120200D2B251F82220DFF866
:104C1000A0120300DBB251F82310096ADFF89432C6
:104C20001B69194215D01423DFF88C420100C9B268
:104C3000594321440969002905D0C0B25843204492
:104C40000069804705E012F11C00016831F0100195
:104C50000160BFF34F8F10BD1CB5DFF8501202008A
:104C6000D2B251F82220DFF848120300DBB251F82B
:104C70002310096AD36A13F001030093DFF834327A
:104C80009B68194215D01423DFF82C420100C9B2E9
:104C9000594321448968002905D0C0B258432044B3
:104CA0008068804705E012F11C00016831F00401C2
:104CB0000160BFF34F8F13BD1CB5DFF8F011020088
:104CC000D2B251F82220DFF8E8110300DBB251F82C
:104CD0002310096A936A13F001030093DFF8D431BB
:104CE000DB68194214D01423734C0100C9B2594334
:104CF0002144C968002905D0C0B258432044C06887
:104D0000804705E012F11C00016831F008010160E4
:104D1000BFF34F8F13BD80B50020FFF717FF01BD14
:104D200080B50020FFF73CFF01BD80B50020FFF7F4
:104D300067FF01BD80B50020FFF78EFF01BD80B584
:104D40000020FFF7B9FF01BD80B50120FFF7FEFE8F
:104D500001BD80B50120FFF723FF01BD80B5012013
:104D6000FFF74EFF01BD80B50120FFF775FF01BDC4
:104D700080B50120FFF7A0FF01BD80B50220FFF73D
:104D8000E5FE01BD80B50220FFF70AFF01BD80B539
:104D90000220FFF735FF01BD80B50220FFF75CFF61
:104DA00001BD80B50220FFF787FF01BD80B503205C
:104DB000FFF7CCFE01BD80B50320FFF7F1FE01BD7A
:104DC00080B50320FFF71CFF01BD80B50320FFF76E
:104DD00043FF01BD80B50320FFF76EFF01BD10B496
:104DE000324AC0B252F82000002932D002000B78BB
:104DF000146863F35554146010F10C02CB68146806
:104E000063F30F04146002004B685B1E146863F3C5
:104E10001444146002000B7A146863F3861414605F
:104E200002004B7A146863F3C714146002008B7A93
:104E3000146863F30924146010F110020B691468FC
:104E400063F30104146010304969026861F3114290
:104E5000026010BC70471549C0B251F820000830FC
:104E6000016851F0010101607047104AC0B252F868
:104E700020000830026861F31142026070470C4A5A
:104E8000C0B252F82000016670470949C0B251F81B
:104E90002000006E7047064AC0B252F820008069B8
:104EA00001228A401040C840C0B2704744920000BE
:104EB00054920000F0900000B8120020F8B50400F1
:104EC000DFF840032100C9B250F82150DFF8380361
:104ED0002100C9B250F82110CF6DC8690740CF65D5
:104EE000DFF828633068074215D03821DFF8202327
:104EF0002000C0B248431058002806D02000C0B29D
:104F000001FB00F15058804705E015F11C000168D5
:104F10004908490001607068074218D03821DFF85D
:104F2000F0222000C0B2484310444068002808D056
:104F30002000C0B201FB00F102EB01004068804795
:104F400005E015F11C00016831F002010160B06854
:104F5000074218D03821DFF8B8222000C0B24843F9
:104F600010448068002808D02000C0B201FB00F186
:104F700002EB01008068804705E015F11C00016824
:104F800031F004010160F068074218D03821DFF8E1
:104F900080222000C0B248431044C068002808D0D6
:104FA0002000C0B201FB00F102EB0100C0688047A5
:104FB00005E015F11C00016831F00801016030695D
:104FC000074218D03821DFF848222000C0B24843F9
:104FD00010440069002808D02000C0B201FB00F195
:104FE00002EB01000069804705E015F11C00016833
:104FF00031F0100101607069074218D03821DFF8E4
:1050000010222000C0B2484310444069002808D054
:105010002000C0B201FB00F102EB010040698047B3
:1050200005E015F11C00016831F020010160B06954
:10503000074218D03821DFF8D8212000C0B24843F9
:1050400010448069002808D02000C0B201FB00F1A4
:1050500002EB01008069804705E015F11C00016842
:1050600031F480010160F069074218D03821DFF87F
:10507000A0212000C0B248431044C069002808D0D5
:105080002000C0B201FB00F102EB0100C0698047C3
:1050900005E015F11C00016831F400010160306A7F
:1050A000074218D03821DFF868212000C0B24843F9
:1050B0001044006A002808D02000C0B201FB00F1B3
:1050C00002EB0100006A804705E015F11C00016851
:1050D00031F080710160706A074218D03821DFF822
:1050E00030212000C0B248431044406A002808D054
:1050F0002000C0B201FB00F102EB0100406A8047D2
:1051000005E015F11C00016831F000710160B06A22
:10511000074218D03821DFF8F8202000C0B24843F9
:105120001044806A002808D02000C0B201FB00F1C2
:1051300002EB0100806A804705E015F11C00016860
:1051400031F080610160F06A074218D03821DFF841
:10515000C0202000C0B248431044C06A002808D0D4
:105160002000C0B201FB00F102EB0100C06A8047E1
:1051700005E015F11C00016831F000610160306B41
:10518000074218D03821DFF888202000C0B24843F9
:105190001044006B002808D02000C0B201FB00F1D1
:1051A00002EB0100006B804705E015F11C0001686F
:1051B00031F080410160706B074216D03821DFF872
:1051C00050202000C0B248431044406B002806D055
:1051D000E4B24C4302EB0400406B804705E015F15C
:1051E0001C00016821F000410160BFF34F8FF1BD49
:1051F00080B50020FFF762FE01BD80B50120FFF7FA
:105200005DFE01BD3C93000044930000608E0000F1
:10521000481200202DE9F0410400DFF8300321009E
:10522000C9B250F82110DFF828032200D2B250F89A
:105230002250EE68DFF81C032200D2B250F82200A0
:105240000640DFF81473386836EA0000E860386812
:10525000064217D01422DFF804332000C0B25043B6
:105260001858002806D02000C0B202FB00F298585F
:10527000804705E011F1100001684908490001600C
:105280003868E8605FF0010821E02969DFF8D002A2
:1052900050F828008143296117E057F8280006429A
:1052A00013D01421DFF8B4222000C0B248431044C8
:1052B00050F828000028E8D02000C0B201FB00F11F
:1052C00002EB010050F82800804718F10108B8F1FE
:1052D000050FE2D3BFF34F8FBDE8F08180B500200A
:1052E000FFF798FF01BD80B50120FFF793FF01BDD7
:1052F00081B000210091DFF85412C0B251F82000B3
:105300000830016851F00401016002E00098401C7F
:10531000009000980A28F9D301B0704710B4DFF864
:105320002C22C0B252F820008A78022A06D110F14D
:105330000802136853F0100313600CE010F1080228
:10534000136833F01003136010F114028B781468A3
:1053500063F3CF34146010F114024B78146863F3D4
:105360001044146010F114020B78146863F3524473
:10537000146010F11402CB78146863F3CB2414602A
:1053800010F114020B79146863F3D544146010F122
:1053900014028B68146863F39F54146010F10802C0
:1053A000C968136861F3D52313600830016851F4AC
:1053B0008061016010BC704710B4644AC0B252F8FA
:1053C000200010F114020B78146863F300041460D9
:1053D00010F114024B78146863F3450414600A78E2
:1053E000012A05D114308978026861F387120260BE
:1053F00010BC704710B4554AC0B252F8202012F1C8
:1054000008000B78046863F34514046008780028EA
:1054100006D112F108008B68046863F3C9140460B4
:1054200012F130004B78046863F30404046012F155
:1054300030008B78046863F30C24046012F13000B0
:10544000CB78046863F31444046012F130000B79E4
:10545000046863F31C64046012F134004B7904683F
:1054600063F30404046012F134008979026861F383
:105470000C22026010BC70473449C0B251F82000C1
:105480000830016851F00101016070472F4AC0B235
:1054900052F820002430026861F31852026070470D
:1054A0002A4AC0B252F820002430026861F3134245
:1054B00002607047254AC0B252F820001030C9B2CD
:1054C000026861F304120260704770B4204B04005C
:1054D000E4B253F82430D2B2002A15D11D4C020098
:1054E000D2B254F822501C4A0E00F6B252F82620CE
:1054F0001543C0B244F820501A691948C9B250F88F
:10550000210002431A6114E01C69154A0D00EDB236
:1055100052F8252094431C610E4A0300DBB252F876
:1055200023300D4CC9B254F821108B43C0B242F85D
:10553000203070BC7047064AC0B252F82000064ABC
:10554000C9B252F82110C160704700000C930000EE
:1055500014930000E8140020D89000008413002069
:10556000C090000038B504000D000021200000F0BC
:10557000BCF90100C9B200290CD16068400810F4E0
:10558000E070EDB215F03F0505432A000021200030
:1055900000F001FAC0B232BD38B504000D000021A0
:1055A000200000F0A2F90100C9B200290ED1606804
:1055B00040F23F1111EA5001EDB2AD0115F0C00506
:1055C0000D432A000021200000F0E5F9C0B232BDF1
:1055D00038B504000D000021200000F086F901001C
:1055E000C9B200290CD16068C0F34700EDB22D02AA
:1055F00015F4807505432A000021200000F0CBF946
:10560000C0B232BD38B504000D000121200000F009
:105610006CF90100C9B200290CD16068400810F48F
:10562000F070EDB215F01F0505432A00012120009E
:1056300000F0B1F9C0B232BD38B504000D0001214F
:10564000200000F052F90100C9B200290CD16068B5
:10565000C0F34400EDB26D0115F4F07505432A0066
:105660000121200000F097F9C0B232BD38B5040026
:105670000D000221200000F038F90100C9B2002914
:105680000CD16068400810F4E070EDB215F03F05F1
:1056900005432A000221200000F07DF9C0B232BD8E
:1056A00038B504000D000221200000F01EF90100B1
:1056B000C9B200290ED1606840F23F1111EA5001D1
:1056C000EDB2AD0115F0C0050D432A000221200006
:1056D00000F061F9C0B232BD38B504000D000221FE
:1056E000200000F002F90100C9B200290CD1606865
:1056F000C0F34700EDB22D0215F4807505432A0072
:105700000221200000F047F9C0B232BD38B50400D4
:105710000D000321200000F0E8F80100C9B20029C3
:105720000CD16068400810F4F070EDB215F01F0560
:1057300005432A000321200000F02DF9C0B232BD3C
:1057400038B504000D000321200000F0CEF8010060
:10575000C9B200290ED1606840F2DF1111EA500190
:10576000EDB26D0115F020050D432A000321200044
:1057700000F011F9C0B232BD38B504000D000321AC
:10578000200000F0B2F80100C9B200290CD1606815
:10579000C0F34500EDB2AD0115F4E07505432A00F4
:1057A0000321200000F0F7F8C0B232BD38B5040084
:1057B0000D000421200000F098F80100C9B2002972
:1057C0000CD16068400810F4F070EDB215F01F05C0
:1057D00005432A000421200000F0DDF8C0B232BDEC
:1057E00038B504000D000421200000F07EF801000F
:1057F000C9B200290CD16068C0F34400EDB26D015C
:1058000015F4F07505432A000421200000F0C3F8C8
:10581000C0B232BD38B504000D000521200000F0F3
:1058200064F80100C9B200290CD16068400810F486
:10583000FC70EDB215F0070505432A000521200094
:1058400000F0A9F8C0B232BD38B504000D00052142
:10585000200000F04AF80100C9B200290ED16068AA
:1058600040F2C71111EA5001EDB2ED0015F0380514
:105870000D432A000521200000F08DF8C0B232BD92
:1058800038B504000D000521200000F02EF80100BD
:10589000C9B200290CD16068C0F34500EDB2AD017A
:1058A00015F4E07505432A000521200000F073F887
:1058B000C0B232BD010089B290EA1120010089B264
:1058C00090EA1110010089B290EA9100010089B2BA
:1058D00090EA510010F00100704701B49DF80000FB
:1058E000002800D0FEE701B0704738B504000D0075
:1058F000A068002801D1012000E00020C0B2FFF71D
:10590000ECFF2069002801D1012000E00020C0B296
:10591000FFF7E3FFE068002801D1012000E000204C
:10592000C0B2FFF7DAFF002020602000016865F3B5
:10593000CF2101602000016831F480610160200006
:1059400001686FF349010160206880B2FFF7B2FF80
:10595000002804D12000016851F001010160206895
:1059600080B2A1688847002801D1012011E0206998
:10597000804701280CD1E06880476060606880B291
:10598000FFF798FF012801D1002002E0032000E08A
:105990000220C0B232BD70B504000E001500A06830
:1059A000002801D1012000E00020C0B2FFF795FFE0
:1059B0002069002801D1012000E00020C0B2FFF7DB
:1059C0008CFFE068002801D1012000E00020C0B277
:1059D000FFF783FF002020602000016866F3CF21DD
:1059E00001602000016851F48061016020000168BD
:1059F00065F349010160206880B2FFF75BFF002872
:105A000004D12000016851F001010160206880B2DA
:105A1000A1688847002801D101202CE02069804737
:105A2000012827D1E06880476060606880B2FFF796
:105A300041FF01281CD13000C0B20B38032803D32A
:105A40003000C0B21B2801D1002014E03100C9B2DF
:105A50002000FFF74AFF0100C9B200290BD160689E
:105A6000C0F34800A84201D1002004E0042002E075
:105A7000032000E00220C0B270BDFEE710B592B076
:105A80000EA8BE49102200F09FF9BD48006803909F
:105A9000BC4800680290BC4800680190BB480068A0
:105AA00000900BA8BA4991E81C0080E81C00B94896
:105AB000D0E90023CDE90623B748D0E90023CDE99A
:105AC000042308A8B54991E81C0080E81C0004A83C
:105AD0000A90882000F0BCF9882000F0D4F9002258
:105AE00011210220FEF79CFF002210210220FEF768
:105AF00097FF00220F210220FEF792FF00220E21C5
:105B00000220FEF78DFF0020FFF7F2FB0EA9002018
:105B1000FFF704FC04210020FFF7B8FC032100205C
:105B2000FFF7BEFC03A90020FFF746FC02A90020F6
:105B3000FFF742FC01A90020FFF73EFC6946002068
:105B4000FFF73AFC012200210020FFF7BEFC0BA961
:105B50000020FFF74FFC02210020FFF7ECFC0020A3
:105B6000FFF78AFC01210020FFF7A4FC06A9002012
:105B700000F02EFA012208A9002000F007FB012105
:105B8000002000F019FA002000F053FA8449086858
:105B90000830026832F010020260086814300C22EB
:105BA000036862F34503036008681030026852F02E
:105BB0000402026008682830026852F001020260A4
:105BC0000868C068C0F380000028F9D00868103069
:105BD000026832F00402026008680C30026852F079
:105BE0000402026008680830026852F01002026085
:105BF00003E00868006AC003C00B0868406A10F040
:105C00001F0FF6D112B010BD18B591B00DA865499F
:105C1000102200F0D9F864480068029063480068D8
:105C200001906348006800908C2000F011F98C20EE
:105C300000F029F900220E210120FEF7F1FE0022DA
:105C40000F210120FEF7ECFE002210210120FEF7BB
:105C5000E7FE0120FFF74CFB0DA90120FFF75EFBDB
:105C600003210120FFF712FC02210120FFF718FC9D
:105C700002A90120FFF7A0FB01A90120FFF79CFB6F
:105C800069460120FFF798FB012200210120FFF760
:105C90001CFC0AA8474991E81C0080E81C000AA9DE
:105CA0000120FFF7A7FB02210120FFF744FC0120A0
:105CB000FFF7E2FB01210120FFF7FCFB3E48D0E9A2
:105CC0000023CDE905233D48D0E90023CDE9032396
:105CD00007A83B4991E81C0080E81C0003A8099034
:105CE00005A9012000F074F9012207A9012000F0A4
:105CF0004DFA0121012000F05FF9012000F099F92F
:105D0000304908680830026832F010020260086802
:105D100014300C22036862F34503036008681030F6
:105D2000026852F00402026008682830026852F0EB
:105D3000010202600868C068C0F380000028F9D042
:105D400008681030026832F00402026008680C3003
:105D5000026852F00402026008680830026852F0DB
:105D60001002026003E00868006AC003C00B086804
:105D7000406A10F01F0FF6D112B010BDF491000070
:105D8000B8990000BC990000C0990000C4990000B7
:105D9000949200001C93000024930000AC92000039
:105DA0000000002004920000C8990000CC99000077
:105DB000D0990000A09200002C93000034930000C2
:105DC000B892000004000020103A07D330B4B1E8C4
:105DD0003810103AA0E83810F9D230BC530724BF6D
:105DE000B1E80810A0E8081044BF51F8043B40F89F
:105DF000043BD20724BF31F8022B20F8022B44BF0A
:105E00000B7803707047121F17D35B0009D151F84C
:105E1000043B20F8023B1B0C121F20F8023BF6D279
:105E20000BE051F8043B00F8013B1B0A20F8023B51
:105E30001B0C121F00F8013BF3D238BF121D521E7B
:105E400024BF11F8013B00F8013BF8D87047FEE78A
:105E5000C0B21B49800851F820100868C00F002804
:105E600002D05FF0B64008600800026832F4001209
:105E700002600800026852F400120260086850F0E4
:105E8000004008607047C0B20D49800851F82010EA
:105E90000868C00F002802D05FF0B6400860080014
:105EA0000122036862F3010303600800026852F4F0
:105EB00000120260086850F000400860704700005F
:105EC000408A0000F8B50400DFF818032100C9B2C9
:105ED00050F821502E6916F03F06E86806402E6102
:105EE000002720E0EA6851F827008243EA6019E0C1
:105EF000DFF8F41251F82700064213D01C22DFF815
:105F0000EC322000C0B25043184450F8270000285B
:105F1000E8D02000C0B202FB00F203EB020050F810
:105F2000270080477F1C062FE2D3BFF34F8FF1BDC0
:105F300038B5DFF8BC120200D2B251F82220DFF8E7
:105F4000A4120300DBB251F82330DFF89C421D6934
:105F5000E1690D40A1690D4217D0A1691961DFF80F
:105F60008C321C240100C9B261431944896900299B
:105F700005D0C0B2604318448069804705E012F143
:105F80000C00016831F480710160BFF34F8F31BDA7
:105F900080B50020FFF796FF01BD80B50020FFF718
:105FA000C7FF01BD80B50120FFF78CFF01BD80B5A3
:105FB0000120FFF7BDFF01BDDFF83422C0B252F867
:105FC00020000830C9B2026861F300020260704725
:105FD00010B4DFF81C22C0B252F8200010F11402F5
:105FE0000B88146863F30F04146010F108028B78B7
:105FF000146863F34514146010F10802CB78146838
:1060000063F30A24146010F108020B79146863F337
:106010000414146010F108024B79146863F31554EA
:10602000146008308979026861F38612026010BC3E
:10603000704781B0DFF8B811C0B251F820200120BC
:106040000021009112F108010B6853F480330B60BA
:1060500002E00099491C0091009942F210739942A4
:1060600005D29168C1F300410029F2D10020C0B2ED
:1060700001B07047DFF87811C0B251F82000083045
:10608000016851F4003101607047DFF86431C0B23B
:1060900053F82000C9B2002908D0022914D00CD32B
:1060A00004291FD017D3052923D029E00C30D2B200
:1060B000016862F31041016022E00C30D2B2016845
:1060C00062F3514101601BE00C30D2B2016862F30F
:1060D0009241016014E00C30D2B2016862F3D34106
:1060E00001600DE00C30D2B2016862F3145101601E
:1060F00006E00C30D2B2016862F355510160FFE74F
:1061000070473B4BC0B253F82030C9B228204143FE
:1061100003EB01004030016862F309010160704740
:10612000F0B4304BC0B253F8203014782825080062
:10613000C0B268431844C669107901280ED108001E
:10614000C0B2684303EB000792F804C014F10800E2
:106150001CFA00FC5CEA0606FE610DE00800C0B215
:10616000684303EB00075FF0010C14F108001CFA10
:1061700000FC36EA0C06FE61C9B2694303EB01007C
:1061800000EB840051880162F0BC70477CB50400CC
:106190000D0016006A8892B229782000C0B2FFF77D
:1061A000B0FF00208DF800000FE0A9689DF80020E6
:1061B000062042430A4429782000C0B2FFF7B0FF0E
:1061C0009DF80000401C8DF800009DF80000297922
:1061D0008842EAD33200D2B229782000C0B2FFF759
:1061E00054FF73BD6C930000209000004C130020FE
:1061F0006493000010B504009FEDC80A2000FEF76C
:10620000D5F89FEDC60A14F12400FEF7B9F8002076
:106210002063002060630020A0630020E06394ED11
:10622000210AD4ED220A20EE200A84ED150A00206E
:1062300060670020A0670020C4F8A8000020C4F810
:10624000AC000020C4F8A0000020C4F8A400002086
:10625000C4F898000020C4F89C0010BD10B50400DC
:1062600094ED150AD4ED120A94ED101A00EE601A9E
:1062700084ED161A94ED150AD4ED130A94ED111A53
:1062800000EE601A84ED171A9FEDA50AD4ED280AD6
:1062900094ED161A70EE810A94ED261A70EEC10A7A
:1062A00060EE800AC4ED280AD4ED290A94ED171A8D
:1062B00070EE810A94ED271A70EEC10A20EE800A72
:1062C00084ED290AA06DC4F89800E06DC4F89C0024
:1062D00094ED1F0AD4ED280A94ED2A1A00EE201A34
:1062E00084ED2A1A94ED1F0AD4ED290A94ED2B1A95
:1062F00000EE201A84ED2B1A94ED240AD4ED120A34
:1063000094ED2A1A00EE601A84ED2C1A94ED240AFA
:10631000D4ED130A94ED2B1A00EE601A84ED2D1AB9
:1063200094ED2C0AD4ED2C0A20EE200AD4ED2D0A8F
:1063300094ED2D1A00EE810A84ED2E0A94ED2F0AB9
:10634000DFED780A20EE200AD4ED2E0A9FED761AB2
:1063500000EE810A84ED2F0A94ED240AD4ED120A8E
:1063600094ED1D1A00EE601A84ED181A94ED240ABB
:10637000D4ED130A94ED1E1A00EE601A84ED191A7A
:1063800094ED180AD4ED180A20EE200AD4ED190A6B
:1063900094ED191A00EE810AD4ED230A94ED141A33
:1063A00060EE810A94ED231AD4ED141A21EE211A1D
:1063B00000EEC10A84ED1A0A94ED200AD4ED180A01
:1063C00020EE200AD4ED2F0A94ED1A1A70EEC10ABD
:1063D00020EE200A84ED1B0A94ED200AD4ED190A60
:1063E00020EE200AD4ED2F0A94ED1A1A70EEC10A9D
:1063F00020EE200A84ED1C0A94ED160AD4ED1B0A47
:1064000030EE200AD4ED1F0A94ED1D1A00EE201A7A
:1064100084ED1D1A94ED170AD4ED1C0A30EE200A03
:10642000D4ED1F0A94ED1E1A00EE201A84ED1E1AF8
:1064300094ED240AD4ED120A94ED1D1A00EE601AB0
:1064400084ED181A94ED240AD4ED130A94ED1E1A63
:1064500000EE601A84ED191A94ED190AD4ED0D0AB4
:1064600020EE200A84ED000A94ED180AD4ED0E0AFD
:1064700020EE200A84ED010A2000FDF7A0FFA069AC
:10648000606214F12400FDF77EFF94ED1F0AD4ED45
:10649000090A94ED0C1A00EE201A84ED0C1A07E09C
:1064A00094ED0C0ADFED210A30EE200A84ED0C0A8F
:1064B00094ED0C0ADFED1E0AB4EE600AF1EE10FA5C
:1064C000EEDA94ED0C0AB5EE400AF1EE10FA08D5BA
:1064D00094ED0C0ADFED170A30EE200A84ED0C0A69
:1064E000EFE714F13000FDF7D1FF10BD10B5040047
:1064F0009FED0A0A2000FDF759FF9FED080A14F1ED
:106500002400FDF73DFF00202063002020650020CF
:106510006065002020660020606610BD000000005D
:1065200077BE7F3F3333733FCDCC4C3DDB0FC9C0CB
:10653000DC0FC940DB0FC940F8B50400DFF8A40246
:106540002100C9B250F82150DFF89C022100C9B2E5
:1065500050F82160DFF8947270692100C9B247F8E1
:1065600021006868C0F3002000281DD02000C0B2C0
:1065700057F82000400417D52821DFF874222000A6
:10658000C0B248431044C069002808D02000C0B2FF
:1065900001FB00F102EB0100C069804704E0281D07
:1065A000016831F4807101606868C0F34020002800
:1065B0001DD02000C0B257F82000000417D52821B4
:1065C000DFF82C222000C0B248431044006A0028A3
:1065D00008D02000C0B201FB00F102EB0100006A0C
:1065E000804704E0281D016831F40071016068688B
:1065F000C0F3800000281ED02000C0B217F8200091
:1066000010F09E0F17D02821DFF8E4212000C0B23F
:10661000484310448068002808D02000C0B201FB25
:1066200000F102EB01008068804704E0281D01684A
:1066300031F0040101606868C0F3802000281DD09B
:106640002000C0B257F82000800517D52821DFF8B8
:10665000A0212000C0B248431044406A002808D05E
:106660002000C0B201FB00F102EB0100406A80474C
:1066700004E0281D016831F480610160A86810F011
:106680000F00002800F08B8002281CD0042804D0C2
:1066900007284ED00C2867D09CE02821DFF8502135
:1066A0002000C0B248431058002806D02000C0B2D5
:1066B00001FB00F15058804704E0281D016849089B
:1066C0004900016086E0706810F08200822817D1CE
:1066D0002821DFF81C212000C0B248431044006983
:1066E000002808D02000C0B201FB00F102EB01003D
:1066F000006980471CE0706830F08200706017E02D
:106700002821DFF8EC202000C0B248431044406844
:10671000002808D02000C0B201FB00F102EB01000C
:106720004068804704E0281D016831F002010160E3
:1067300050E0F06F00902821DFF8B4202000C0B2B4
:10674000484310444069002808D02000C0B201FB33
:1067500000F102EB01004069804704E0281D016858
:1067600049084900016035E02821DFF88420200035
:10677000C0B2484310448069002808D02000C0B24D
:1067800001FB00F102EB01008069804704E0281D55
:106790000168490849000160306800901AE0B0695A
:1067A00000902821DFF848202000C0B24843104460
:1067B000C068002808D02000C0B201FB00F102EB45
:1067C0000100C068804704E0281D016831F008011D
:1067D0000160FFE70020E4B247F82400BFF34F8FC9
:1067E000F1BD0000089100002091000080140020FD
:1067F000200F002080B50020FFF79EFE01BD80B570
:106800000120FFF799FE01BD80B50220FFF794FE3D
:1068100001BD80B50320FFF78FFE01BD80B50420C8
:10682000FFF78AFE01BD80B50520FFF785FE01BD9B
:1068300038B504000D002A7812F001026878400093
:1068400010F002000243A878C00010F008000243D4
:10685000E878000210F48070024306212000FFF760
:106860009AF80100C9B2002929D12A7912F001024F
:106870006879400010F002000243A879800010F00F
:1068800004000243E879C00010F008000243287AAF
:10689000000110F010000243687A400110F020005F
:1068A0000243A87A800110F040000243E87A000217
:1068B00010F48070024307212000FFF76CF8C0B28B
:1068C00032BD38B504000D002A7812F00102687854
:1068D000400010F002000243A878800010F004008D
:1068E0000243E878C00010F0080002432879000154
:1068F00010F0100002436879400110F020000243BC
:10690000A879800110F040000243E879C00110F03E
:1069100080000243287A000210F4807002430821AC
:106920002000FFF738F80100C9B2002958D16A7A6F
:1069300012F00102A87A400010F002000243E87A47
:10694000800010F004000243287BC00010F0080013
:106950000243687B000110F010000243A87B400155
:1069600010F020000243E87B800110F04000024359
:10697000287CC00110F080000243687C000210F403
:106980008070024309212000FFF705F80100C9B219
:10699000002925D1AA7C520012F00202E87CC00036
:1069A00010F008000243287D000110F0100002439F
:1069B000687D400110F020000243A87D800110F0A6
:1069C00040000243E87DC00110F080000243287EB1
:1069D000000210F4807002430A212000FEF7DBFF62
:1069E000C0B232BD2DE9F843804689461700002524
:1069F000002600220B214046FEF7CDFF04002000B8
:106A0000C0B2002844D1D8F80400C9F80000002022
:106A1000386098F8040010F00C0F0DD00B214046A0
:106A2000FEF763FF04002000C0B2002804D1D8F8AC
:106A30000400C0F34800386098F8040010F0120F0A
:106A400010D00C214046FEF750FF05002800C0B2D0
:106A5000002807D1D8F80400C0F34800396851EA8B
:106A600040213960D8F8040010F4187F10D00D21AF
:106A70004046FEF73AFF06003000C0B2002807D1BA
:106A8000D8F80400C0F34800396851EA8041396001
:106A90002000C0B200280CD12800C0B2002801D0CC
:106AA0002C0006E03000C0B2002801D0340000E025
:106AB00000242000C0B2BDE8F283FEE72DE9F041DA
:106AC0000400002000200020DFF840022100C9B2AD
:106AD00050F82150DFF838022100C9B250F8216087
:106AE0007769DFF83002C06A07405FF0000831E0E4
:106AF00005EB88001830016831F01001016027E0D3
:106B0000380030FA08F0C00722D505EB880080690C
:106B1000C0F3001000281BD006EB8800806930F01D
:106B2000200006EB88018861DFF8EC112C222000A0
:106B3000C0B25043084450F828000028D8D02000A4
:106B4000C0B202FB00F201EB020050F828008047BF
:106B500018F10108B8F1080FD2D3BFF34F8FBDE889
:106B6000F081000010B50021DFF8A0110200D2B2C0
:106B700051F82220DFF898110300DBB251F82330DE
:106B8000D96E31F01001D9662C23DFF88C41010059
:106B9000C9B259432144896A002905D0C0B258437B
:106BA0002044806A804705E012F16800016831F0F6
:106BB00040010160BFF34F8F10BD000010B50021F0
:106BC000DFF848110200D2B251F82220DFF840115C
:106BD0000300DBB251F82330596931F40071596177
:106BE0002C23DFF834410100C9B259432144496ADA
:106BF000002905D0C0B258432044406A804705E0D0
:106C000012F11000016831F400710160BFF34F8F81
:106C100010BD000010B50021DFF8F0100200D2B264
:106C200051F82220DFF8E8100300DBB251F82330DE
:106C3000596931F4807159612C23DFF8DC4001007F
:106C4000C9B259432144096A002905D0C0B258434A
:106C50002044006A804705E012F11000016831F419
:106C600080710160BFF34F8F10BD80B50020FFF72A
:106C700025FF01BD80B50020FFF774FF01BD80B581
:106C80000020FFF79BFF01BD80B50020FFF7C2FF8A
:106C900001BD80B50120FFF711FF01BD80B50120C6
:106CA000FFF760FF01BD80B50120FFF787FF01BD41
:106CB00080B50120FFF7AEFF01BD80B50220FFF7D0
:106CC000FDFE01BD80B50220FFF74CFF01BD80B580
:106CD0000220FFF773FF01BD80B50220FFF79AFF86
:106CE00001BD80B50320FFF7E9FE01BD80B503209B
:106CF000FFF738FF01BD80B50320FFF75FFF01BD3F
:106D000080B50320FFF786FF01BD000064920000FC
:106D100074920000108F0000101000208948416814
:106D200051F00101416070478648416849084900B7
:106D300041607047834880ED840A80ED230A80ED2E
:106D4000370A7047DFED7B0A20EE200ADFED7A0A72
:106D500080EE200A7B4880ED850A7047794880EDF7
:106D6000400AF7EE000AC0EE800AC0ED410A80ED4D
:106D7000870A80EDA10A704772488068704700203A
:106D800070498860704738B504006F48C0680005D6
:106D9000000D00EE100AB8EE400A14F10C00FDF7E9
:106DA000EFFA6A4D68680005000D00EE100AB8EEB3
:106DB000400A14F11800FDF7E3FA28680005000DF9
:106DC00000EE100AB8EE400A14F12400FDF7D8FADC
:106DD000A8680005000D00EE100AB8EE400A14F194
:106DE0003000FDF7CDFA31BD10B504005648C0683B
:106DF0000005000D00EE100AB8EE400A84ED030A0B
:106E0000524841680905090D00EE101AB8EE400A13
:106E100084ED060A01680905090D00EE101AB8EEA6
:106E2000400A84ED090A80680005000D00EE100A92
:106E3000B8EE400A84ED0C0A14F10C00FDF7A3FA39
:106E400014F11800FDF79FFA14F12400FDF79BFAE6
:106E500014F13000FDF797FA10BD000010B50400E2
:106E60002000FFF7C1FFB7EE000AFFF763FF94EDC4
:106E7000040ADFED320A20EE200AFFF76FFF94EDDF
:106E80000F0ADFED2F0A20EE200AFFF75BFFFFF766
:106E900073FF002805D014F10800016851F00101CA
:106EA00001606078002805D0022820D011D3032883
:106EB0002BD036E0606D401C6065606D216D8842AE
:106EC00006D3002060652000FFF75DFF01206070A1
:106ED00027E0A068002802D00320607006E0606808
:106EE000C0F34000002801D00220607019E0A068C3
:106EF000002802D00320607006E06068C0F3400004
:106F0000002801D1012060700BE06068C0F34000F0
:106F1000002805D10020A060FFF731FF012060703C
:106F2000FFE76078022802D1FFF7F8FE01E0FFF7E3
:106F3000FBFE10BDDB0F494100007042810D583C43
:106F400000404E4564080020AC130020CC13002004
:106F50000179C90705D4001D016851F001010160E4
:106F600004E00830016851F0020101607047FEE75B
:106F700010B5040014F15000FCF7FEFE14F1A0005F
:106F8000FCF742FF14F1F000FCF7BCFF14F5D270DF
:106F9000FDF750F914F50F70FDF760F914F52B703B
:106FA000FFF728F914F55B70FFF7A0FA0120607075
:106FB00010BD10B50400A068002804D0201D016891
:106FC000490849000160207800280AD0022860D0D2
:106FD00012D304286FD065D3062800F0E78073D35E
:106FE000E5E0201D016831F0020101602000FFF79B
:106FF000BFFF01202070DAE02079C0073CD56C4843
:107000000168491C0160016815291CD30021016039
:1070100094ED4A0AF3EE040A80EE200A84ED4A0A4F
:1070200094ED4B0AF3EE040A80EE200A84ED4B0A3D
:1070300094ED4C0AF3EE040A80EE200A84ED4C0A2B
:107040000220207024E094ED4A0AD4ED470A30EE85
:10705000200A84ED4A0A94ED4B0AD4ED480A30EE3A
:10706000200A84ED4B0A94ED4C0AD4ED490A30EE27
:10707000200A84ED4C0A0BE00020C4F8280100200F
:10708000C4F82C010020C4F83001002048490860F1
:107090008DE02079C00702D50320207001E0002098
:1070A000207084E02079C00702D50420207001E020
:1070B000002020707BE02079C00702D505202070D9
:1070C00001E00020207072E02079C00766D514F13D
:1070D000F000FCF7AFFED4F83801C4F8F402D4F89D
:1070E0003C01C4F8F802D4F82C02C4F8FC02D4F82D
:1070F0004801C4F8EC02D4F84C01C4F8F00214F5CD
:107100002B70FFF7ABF86078002805D0022811D06B
:1071100003D3032817D01FE01EE014F15000FCF742
:1071200041FED4F89400C4F8F00014F1F000FDF72B
:10713000ADF911E014F1F00014F5377191EC040A87
:1071400080EC040A08E014F1F00014F5377191ECBA
:10715000040A80EC040AFFE714F1F000FCF798FE43
:10716000D4F84001C4F89002D4F84401C4F8940261
:1071700014F50F70FDF784F8D4F8A002C4F81401D8
:10718000D4F8A402C4F8180114F1F000FCF79DFE35
:10719000201D016851F00201016006E0201D016818
:1071A00031F0020101600020207000E0FFE710BD17
:1071B0001415002010B500242AE0086800EB8400B4
:1071C0002430016831F40051016020E078490868FA
:1071D00000EB8400406AC0F3C0300A6802EB84020E
:1071E000526A10EA523010F001000A6802EB840281
:1071F0002432136860F3CF331360002807D06D4A40
:1072000052F824000028D8D052F824008047641C8B
:10721000042CDBD3BFF34F8F10BD80B5FFF7CAFF3F
:1072200001BD644BC0B203EB8000C9B240F821201D
:10723000704730B45E4B1A680400E4B202EB84027B
:1072400024320C78156864F38A2515600A78002AC0
:1072500034D14A681C680500EDB204EB850414348F
:10726000256822601A680400E4B202EB840224322A
:107270000C7A156864F3CB2515601A680400E4B233
:1072800002EB840224324C7A156864F30105156020
:107290001A680400E4B202EB840224324C7B1568C5
:1072A00064F3861515601A68C0B202EB80002430C2
:1072B000097B026861F38502026049E04A681C6844
:1072C0000500EDB204EB85041434256822601A68C9
:1072D0000400E4B202EB840224320C7A156864F3F1
:1072E000CB2515601A680400E4B202EB8402243254
:1072F0004C7A156864F3010515601A680400E4B25D
:1073000002EB840224328C7A156864F30925156037
:107310001A680400E4B202EB84022432CC7A1568C5
:1073200064F3C71515601A680400E4B202EB840226
:1073300024324C7B156864F3861515601A68C0B258
:1073400002EB80002430097B026861F38502026051
:1073500030BC704716490968C0B201EB8000243088
:10736000016851F480410160704711490968C0B259
:1073700001EB80002430016831F4804101607047E6
:107380000B4A1268C0B202EB80002430C9B2026816
:1073900061F34D320260704705490968C0B201EBE4
:1073A00080002430016851F4004101607047000002
:1073B000309A0000BC140020DFF800F00100FE1F2E
:1073C00081B0DFF8DC01026800200090002002E0BC
:1073D0000099491C00919168C1F30061002904D112
:1073E0000099B1F5801FF3D30120C0B201B07047FE
:1073F00007B4494849494A4A0160026007BC7047DE
:10740000F8B50500DFF898010168DFF89801066813
:107410000020B7688968C1F38011002900D10120DC
:107420000100C9B2002944D1DFF87C010740687B24
:10743000000410F4E0200743287B000210F44070A1
:1074400007432878400110F020000743A878C000C7
:1074500010F0080007436878800010F0040007432C
:10746000E878400010F002000743EFF31084002C8E
:1074700000D172B6FFF7BCFFB760FFF7A1FF0100B4
:10748000C9B2002912D1FFF7B3FFA868F060FFF777
:1074900097FF0100C9B2002908D12978012905D137
:1074A000FFF7A6FF68683061FFF78AFF002C00D164
:1074B00062B6C0B2F2BD000038B539480568EFF3D6
:1074C0001084002C00D172B6FFF792FF15F108006E
:1074D000016851F001010160002C00D162B6FFF794
:1074E0006FFF32BD38B52E480568EFF31084002CCD
:1074F00000D172B6FFF77CFF15F10800016849085A
:1075000049000160002C00D162B6FFF759FF32BD7F
:1075100080B5FFF751FF01BD14200540C4A1D9B0CB
:107520000F3B1E1A1E4800684069704770B50D0079
:107530001C490E68EFF31084002C00D172B6B168BC
:107540001B4AC0B252F820008143EDB26D1C2D01E0
:1075500015F010050D43FFF74BFFB560002C00D16F
:1075600062B6FFF72DFF70BD10B5EFF31084002C4D
:1075700000D172B60F490868002801D0086880471A
:10758000BFF34F8FFFF734FF06490868826807484A
:107590000068024308688260002C00D162B610BD0A
:1075A000409A0000449A0000D1FCF8FF7C93000050
:1075B00074930000281500207CB50026012400F0FB
:1075C000CFF800F005F95E4D5E48A8605E48E860BF
:1075D0005E48286100E0761C6A4601A92800FFF792
:1075E00001FA002804D0300080B20B28F3D3002425
:1075F000002C00F09D800026554C2178280000F0DA
:10760000B5F9002800D0761C6178280000F02AF92E
:10761000002800D0761CA178280000F04DF9002841
:1076200000D0761CE178280000F073F9002800D023
:10763000761C484C21782800FDF794FF002800D0E4
:10764000761C61782800FDF7A7FF002800D0761C83
:10765000A1782800FDF7BCFF002800D0761CE17857
:107660002800FDF7CFFF002800D0761C21792800E4
:10767000FDF7E2FF002800D0761C61792800FDF7B5
:10768000F5FF002800D0761CA1792800FEF708F845
:10769000002800D0761CE1792800FEF71DF80028AC
:1076A00000D0761C217A2800FEF730F8002800D0A0
:1076B000761C617A2800FEF743F8002800D0761C7B
:1076C000A17A2800FEF758F8002800D0761CE17A4D
:1076D0002800FEF76BF8002800D0761C217B2800DC
:1076E000FEF77EF8002800D0761C617B2800FEF7AC
:1076F00091F8002800D0761CA17B2800FEF7A4F8A2
:10770000002800D0761CE17B2800FEF7B9F800289D
:1077100000D0761C10492800FFF78AF8002800D016
:10772000761C0E492800FFF7CCF8002800D0761C04
:10773000B6B2002E01D1012000E0002076BD00BFCE
:10774000981400201178000035780000417800007E
:10775000489A000084920000009300008890000086
:1077600080B586B0684619491822FEF72DFB07221E
:1077700002210020FDF754F9072203210020FDF724
:107780004FF9032202210320FDF74AF903220321C6
:107790000320FDF745F904216820FBF7E8FD0128E7
:1077A000F9D000216820FBF716FD6820FEF76BFB7F
:1077B00069460120FDF713FB01210120FDF755FB70
:1077C0000120FDF748FB07B000BD00003891000024
:1077D00080B5012200210220FDF722F901220021BB
:1077E0000220FDF789F9012200210220FDF794F91A
:1077F000012209210320FDF713F9012209210320A9
:10780000FDF77AF9012209210320FDF785F901BD71
:1078100038B50400012501210120FDF73CFB0028BB
:1078200000D10025A4B221000120FDF728FB28008B
:1078300080B232BD80B50120FDF727FB80B202BDCA
:1078400038B50024012500E0641C03210120FDF768
:1078500022FB002803D1B4F5807FF5D30025280052
:1078600080B232BD38B504000D000E212000FEF7B5
:107870003CF80100C9B200291CD12800C0B202287E
:1078800006D16268520812F4FE7252F002020DE054
:10789000EDB2012D06D16268520812F4FE7252F068
:1078A000010203E06268520812F4FE720E21200009
:1078B000FEF771F8C0B232BD38B504000D000E21DC
:1078C0002000FEF712F80100C9B200291FD12800DC
:1078D000C0B2022807D1606840F2F31212EA5002E7
:1078E00052F008020FE0EDB2012D07D1606840F2BE
:1078F000F31212EA500252F0040204E0606840F20F
:10790000F31212EA50020E212000FEF744F8C0B232
:1079100032BD38B504000D000E212000FDF7E5FF53
:107920000100C9B200291FD12800C0B2022807D126
:10793000606840F2CF1212EA500252F020020FE0CB
:10794000EDB2012D07D1606840F2CF1212EA500269
:1079500052F0100204E0606840F2CF1212EA5002C6
:107960000E212000FEF717F8C0B232BD38B5040072
:107970000D000E212000FDF7B8FF0100C9B200295B
:1079800008D1EDB2ED0115F4C0752A000E212000DA
:10799000FEF701F8C0B232BD10B4584B02E01C6AC9
:1079A000E403E40B5C6A14F01F0FF8D1544B1C681D
:1079B0002405240D00EE104AB8EE400A80ED000ABE
:1079C00058680005000D00EE100AB8EE400A81ED7F
:1079D000000A98680005000D00EE100AB8EE400A93
:1079E00082ED000A10BC70474648416B51F03F01E0
:1079F000416370474348416B89098901416370477E
:107A000010B44049080010F15C02DFED3A1A20EE94
:107A1000210ABCEEC00A10EE103A146863F30F049A
:107A2000146010F1640220EEA10ABCEEC00A10EE50
:107A3000103A146863F30F0414606C3021EE210ACD
:107A4000BCEEC00A10EE102A036862F30F03036055
:107A5000D1F8A00050F4E060C1F8A00010BC70475D
:107A600029482A494161704710B5294C14F5927292
:107A700014F5907114F58E70FFF78EFF9FED1E0ABE
:107A8000D4ED4A0A94ED471A70EEC10A60EE800AFE
:107A9000C4ED420AD4ED4B0A94ED481A70EEC10AC7
:107AA00060EE800AC4ED430AD4ED4C0A94ED491A05
:107AB00070EEC10A20EE800A84ED440A2000FFF730
:107AC00078FA6068C0F3400000280ED014F1F0008E
:107AD000FCF726FA94ED561AD4ED550A94ED540AA3
:107AE000FFF78EFFFFF780FF01E0FFF783FFFFF74F
:107AF000B7FF10BD00409C45820CC83C00B003405D
:107B0000AC13002000A00140008000408080800075
:107B1000640800201FB56846534991E81C0080E8BE
:107B20001C000020FEF7AFF9FFF7DCFC002201216A
:107B30000120FBF7FAF90120FBF7C5FA6846FBF7CD
:107B4000DDFA0120FBF78AF9042000F08FF803200A
:107B5000FBF733FA00218520FBF73DFB012186204E
:107B6000FBF739FB05211C20FBF701FC01211C2040
:107B7000FBF731FB1C20FEF786F905212020FBF7DF
:107B8000F6FB01212020FBF726FB2020FEF77BF9E6
:107B900004218820FBF7EBFB00218820FBF71BFB6F
:107BA0008820FEF755F98820FEF76DF904218C2016
:107BB000FBF7DDFB00218C20FBF70DFB8C20FEF793
:107BC00047F98C20FEF75FF905212420FBF7CFFB56
:107BD00001212420FBF7FFFA2420FEF754F90521A8
:107BE0002820FBF7C4FB01212820FBF7F4FA28200A
:107BF000FEF749F90421C420FBF7B9FBC420FEF7C6
:107C000042F9A820FEF724F9A820FEF73CF9AC20A1
:107C1000FEF71EF9AC20FEF736F90421B020FBF781
:107C2000A6FBB020FEF72FF90421B420FBF79FFB41
:107C3000B420FEF728F90421B820FBF798FBB82000
:107C4000FEF721F90421BC20FBF791FBBC20FEF7D5
:107C50001AF90421C020FBF78AFBC020FEF713F9B4
:107C6000D020FEF710F91FBDC4920000DFF8941079
:107C7000096808310A6860F303020A60704700006F
:107C800080B520480068001D016831F08001016066
:107C90001F490868002801D008688047BFF34F8F4C
:107CA00001BD000038B50020174C2068056815F4A8
:107CB000403520684068054020680560E8030DD520
:107CC00013494868002802D04868804706E02068C9
:107CD00041680E484068814320684160A8030DD583
:107CE0000B498868002802D08868804706E0206831
:107CF000416806488068814320684160BFF34F8F28
:107D000031BD0000009A0000049A00003492000087
:107D1000DC14002038B5DFF838110868046CDFF88F
:107D200034010068044008680464DFF82C51686876
:107D300004420FD0DFF824114868002802D04868B8
:107D4000804707E0DFF818010068001D016831F086
:107D500080710160A86804420FD0DFF800118868C4
:107D6000002802D08868804707E0DFF8F400006848
:107D7000001D016831F000710160E86804420FD015
:107D8000DFF8D810C868002802D0C868804707E02C
:107D9000DFF8CC000068001D016831F080610160EF
:107DA000286904420FD0DFF8B4100869002802D017
:107DB0000869804707E0DFF8A8000068001D016837
:107DC00031F000610160686904420FD0DFF88C1067
:107DD0004869002802D04869804707E0DFF8800042
:107DE0000068001D016831F080510160A8690442FB
:107DF0000FD0DFF868108869002802D088698047B2
:107E000007E0DFF85C000068001D016831F00051F8
:107E10000160286804420FD0DFF84010086800288D
:107E200002D00868804707E0DFF834000068001DD2
:107E3000016831F480310160BFF34F8F31BD80B5EF
:107E4000FFF768FF01BD80B5FFF764FF01BD0000CB
:107E5000289A00001C150020009000004C140020FF
:107E6000249A000080B5FFF75DFB48F6A1418842E7
:107E700001D3FFF74DFB01BD38B504002079C007E1
:107E800029D52078401C20703D4D29003D4800F048
:107E90008BF82078C00713D42078800702D5FFF72D
:107EA000E1FF0DE0207840070AD42078000707D4CE
:107EB0002078C00604D42078800601D420784006BB
:107EC000201D01684908490001602800FEF7C6FF2F
:107ED0000120FEF7CFF831BD80B572B6FFF71AFE6C
:107EE00000F094F8FFF768FBFDF7C8FD264800F0A6
:107EF000CBF8FDF789FE00F009F90FF22900FCF735
:107F00003BFB00F053F90FF2610000F05FF900F065
:107F100085F900F09DF900F0B3F962B61848FFF753
:107F2000ABFFFBE710B5FFF765FDFFF719FCFFF7A7
:107F30004FFC1648164981601649C1601649016117
:107F4000164C22001649FEF74DFD002807D1206887
:107F5000002804D01348816851F00201816010218B
:107F60000120FAF725FE10BD80B50548FEF7F0FFA9
:107F70000C4800F0ABF90020FFF70EFA01BD00003D
:107F8000680C00201C000020697A00009814002072
:107F9000117800003578000041780000301500208D
:107FA0002C1500206408002038B504000D0000F0F6
:107FB0005CF8206100F05FF8A0616868C0F34000E1
:107FC00000280BD12069002818D16069012815D13B
:107FD000281D016851F0020101600FE06868C0F3DC
:107FE000400000280AD0A069002807D1E0690128D4
:107FF00004D1281D016831F002010160206960612F
:10800000A069E0615FF07E50E86331BD80B5012278
:108010000A210020FCF704FD00220A210020FCF7C1
:108020002EFD01220A210020FCF766FD01220B2112
:108030000420FCF7F5FC00220B210420FCF71FFDB7
:1080400000220B210420FCF757FD0122032104200C
:10805000FCF7E6FC002203210420FCF710FD0022BF
:1080600003210420FCF748FD01BD064800690069B2
:10807000C0F3C0207047034800690069C0F3C00026
:10808000704700000800002010B588B004000020F0
:108090008DF8000058208DF8030000208DF80100B5
:1080A000002201210020FBF7FCFB0122002100201F
:1080B000FBF7F7FB220001210020FBF742FC3648CA
:1080C0000190364802900120ADF818000020ADF86C
:1080D0000C000420ADF80E000020ADF810007FF079
:1080E0000F00ADF8120002208DF81A0002208DF862
:1080F0001B001020059000208DF81C006846FBF73F
:108100002CFC0020FBF7C0FB08B010BD00B589B007
:108110002348006800906846FBF79FFB01208DF81C
:10812000040059208DF8070001208DF80500012278
:1081300001210120FBF7B5FB012200210120FBF703
:10814000B0FB18480290184803900120ADF81C00BD
:108150000020ADF810000420ADF812000020ADF8AA
:1081600014007FF00B00ADF8160002208DF81E0001
:1081700002208DF81F000C20069000208DF82000B2
:1081800003208DF8060001A8FBF7E7FB0120FBF7B1
:108190007BFB09B000BD000020B00340AC13002001
:1081A000D499000020700240CC13002080B512202A
:1081B00000F01DF912214F2000F0F8F801211220E3
:1081C00000F000F9122000F008F901BD1FB504000D
:1081D00068461D491022FDF7F7FD05210820FBF731
:1081E000C6F80820FDF74FFE69460020FFF721F88A
:1081F0000020FFF7BAF8220000210020FFF711F855
:108200000020FFF7C9F80020FFF7A4F801210020A3
:10821000FFF7B6F80120FFF79DF81FBDF8B56846D7
:108220000A491022FDF7D0FD05210820FBF79FF831
:108230000820FDF728FE69460120FEF7FAFF01201D
:10824000FFF793F805B000BD1492000024920000DF
:1082500080B50221B52000F0E6F80121002000F0F1
:10826000E2F80021C52000F0DEF8B52000F0CCF8DF
:10827000002000F0C9F8C52000F0C6F801BDFEE7F7
:10828000F8B503208DF80C0000208DF801000020C7
:108290008DF8020000208DF8030001208DF8000009
:1082A0000948029048F6A040019004208DF80D0086
:1082B0006846FFF7A5F801210020FFF737F9FFF71F
:1082C000FBF805B000BD00BF801A060010B5040021
:1082D0002078052868D1D4F8D402C4F81802607850
:1082E000002805D0022844D003D303284ED05AE0FA
:1082F0005AE0D4F84003C4F8680314F1500000F0C9
:10830000ABF80020C4F8880294ED230AD4ED180AD3
:1083100020EE200A84EDA30A94ED860AF3EE0E0AFD
:10832000B4EE600AF1EE10FA1FDBD4F8F803401C3B
:10833000C4F8F803D4F8F803C82819D3D4F83403E0
:10834000C4F8000394EDA30A14F5D270FCF72EF8DC
:1083500094ED860AF7EE000A30EE200A14F5F67066
:10836000FBF7C4FF0220607002E00020C4F8F803AD
:108370001AE014F5D27000F079F8D4F82C02C4F8A1
:108380008802D4F83002C4F88C020DE014F5D270E3
:1083900000F06CF8D4F82C02C4F88802D4F830024B
:1083A000C4F88C0200E0FFE710BDFEE7144A126833
:1083B000C9B202EB81010A68120C1204C0B2104368
:1083C000086070470E4A1268C0B202EB8000C9B262
:1083D000026861F310420260704709490968C0B23F
:1083E00001EB8000016851F00041016070475FF0CF
:1083F000B641044A1268C0B242F82010704700002B
:10840000349A0000389A0000010009B2002909D40A
:10841000012210F01F018A400D49096800B240098D
:1084200041F820207047020012B2002A07D4090147
:10843000074A126800B2104480F8001307E00901EF
:10844000044A126800B210F00F0010440175704722
:108450000C9A0000089A000010B504002000FBF7F9
:1084600048FF14F11400FBF744FF10BD10B50400E1
:1084700094ED1C0AD4ED240AB4EE600AF1EE10FA71
:1084800002D594ED1C0A01E094ED240AD4ED250AEE
:10849000F4EE400AF1EE10FA0ED594ED1C0AD4ED7C
:1084A000240AB4EE600AF1EE10FA02D594ED1C0A2B
:1084B00004E094ED240A01E094ED250A84ED130A0A
:1084C00014F14800FBF715FFA06D2060606F60603D
:1084D0002000FBF774FF94ED1E0ADFED180A20EE72
:1084E000200A84ED090A94ED1F0AD4ED1F0A20EE3C
:1084F000200AD4ED200A94ED201A00EE810AFCF740
:1085000013F884ED0A0A14F12400FBF758FFE06B1E
:10851000E06514F15C00FBF7B9FF94ED060AD4EDB9
:10852000190A20EE200A84ED220A94ED060AD4ED01
:10853000180A20EE200A84ED230A10BD3ACD133F1D
:1085400080B500F005F801BD80B500F001F801BD6F
:10855000F8B50020DFF8F44020688069C00F0028DB
:1085600005D0DFF8EC00DFF8EC1009688861DFF86F
:10857000E45028680668DFF8E00000680640DFF88D
:10858000DC707868064211D05FF0FF30296808611E
:10859000DFF8CC104868002802D04868804705E022
:1085A0002068001D016831F0100101603868064242
:1085B0000DD0DFF8AC100868002802D008688047AA
:1085C00005E02068001D016831F008010160B8680D
:1085D000064217D028680168DFF88800006801406B
:1085E00051F4006128680160DFF874108868002881
:1085F00002D08868804705E02068001D016831F0DE
:1086000020010160F868064217D028680168DFF889
:1086100054000068014051F4005128680160DFF8FF
:108620004010C868002802D0C868804705E020686C
:10863000001D016831F040010160206818300168B8
:1086400051F000410160BFF34F8FF1BD1C9A000053
:1086500000006798189A000018150020CC910000BF
:10866000AC140020209A00002DE9F8430400DFF844
:10867000F4002100C9B250F82150002600E0761C19
:108680003000C0B2042854D23100C9B22000C0B2B8
:1086900000F05DF80700DFF8D0002100C9B2090141
:1086A00008443100C9B250F8210007405FF01408B7
:1086B0003000C0B208FB00F0284447615FF00009B9
:1086C00012E03000C0B208FB00F005EB0001300002
:1086D000C0B208FB00F028444269DFF8900050F86F
:1086E000290082434A6121E0B9F1040FC7D2DFF8C3
:1086F000800050F82900074218D0DFF878102000D9
:10870000C0B2800108443200D2B21201104450F8C5
:1087100029000028D5D02000C0B2800108443100D3
:10872000C9B20901084450F82900804719F101092C
:10873000DAE7BFF34F8FBDE8F18380B50020FFF784
:1087400093FF01BD80B50120FFF78EFF01BD054AF3
:10875000C0B252F82020C9B21420414302EB0100FC
:10876000406970474C9300002C140020B891000021
:10877000A4910000C811002038B5DFF8F010086897
:108780000469DFF8EC0000680440DFF8E8201068B6
:108790000068C00F002803D0DFF8DC000B68186009
:1087A000086804611068016851F000410160DFF859
:1087B000CC50286804420BD0DFF8C41008680028A9
:1087C00002D00868804703E00121002000F012F881
:1087D000686804420BD0DFF8A8104868002802D06F
:1087E0004868804703E00121012000F003F8BFF34F
:1087F0004F8F31BD30B41F4B1A681268D20F002A58
:1088000003D01D4A194C24682260C9B2002913D133
:10881000164A11680C691B490500EDB251F8251084
:108820000C4311680C6112490A68144CC0B254F828
:10883000200002430A6012E00D4A14680F49050047
:10884000EDB251F825108C43146008490A6812698A
:108850000C4CC0B254F820008243086802611868CA
:10886000016851F00041016030BC7047149A00006B
:10887000640C0020109A000000007394E89200003D
:1088800000150020F492000070B504003448210067
:10889000C9B250F82110334DAE6888680640C868E8
:1088A0000640CE602868064212D02F492000C0B290
:1088B00051F83000002805D02000C0B251F8300037
:1088C000804705E0012200212000C0B200F018F826
:1088D0006868064213D024492000C0B201EBC000F2
:1088E0004068002805D0E4B201EBC400406880472E
:1088F00005E0012201212000C0B200F001F870BDA6
:10890000174BC0B253F82030D2B2002A07D19A6870
:108910001448C9B250F8210002439A6006E09A68F0
:108920001048C9B250F8210082439A607047000095
:1089300080B50020FFF7A8FFBFF34F8F01BD0000F7
:1089400080B50120FFF7A0FFBFF34F8F01BD0000EE
:1089500080B50220FFF798FFBFF34F8F01BD0000E5
:10896000D0920000DC920000681400200050064005
:1089700004500640085006400C5006401050064077
:1089800014500640185006401C5006402050064027
:1089900024500640285006402C50064030500640D7
:1089A00034500640385006403C5006404050064087
:1089B00044500640485006404C5006405050064037
:1089C00054500640585006405C50064060500640E7
:1089D00064500640685006406C5006407050064097
:1089E00074500640785006407C5006408050064047
:1089F00084500640885006408C50064090500640F7
:108A000094500640985006409C500640A0500640A6
:108A1000A4500640A8500640AC500640B050064056
:108A2000B4500640B8500640BC500640C050064006
:108A3000C4500640C8500640CC500640D0500640B6
:108A40000050064004500640085006400C500640B6
:108A50001050064014500640185006401C50064066
:108A60002050064024500640285006402C50064016
:108A70003050064034500640385006403C500640C6
:108A80004050064044500640485006404C50064076
:108A90005050064054500640585006405C50064026
:108AA0006050064064500640685006406C500640D6
:108AB0007050064074500640785006407C50064086
:108AC0008050064084500640885006408C50064036
:108AD0009050064094500640985006409C500640E6
:108AE000A0500640A4500640A8500640AC50064096
:108AF000B0500640B4500640B8500640BC50064046
:108B0000C0500640C4500640C8500640CC500640F5
:108B1000D050064070B5294C274D2868466D206915
:108B200006402868C06D064028688665F0070CD5A9
:108B300023490868002802D00868804705E02868B3
:108B4000C16D206881432868C165C6F340000028D4
:108B50000CD01B494868002802D04868804705E0CF
:108B60002868C16D606881432868C165C6F38000CC
:108B700000280CD012498868002802D088688047F5
:108B800005E02868C16DA06881432868C165C6F307
:108B9000C00000280CD00A49C868002802D0C86864
:108BA000804705E02868C16DE06881432868C16599
:108BB000BFF34F8F70BD00003C9A0000E0910000B1
:108BC000CC14002072B600210022002300240025CE
:108BD00000260027B846B946BA46BB46BC461148EF
:108BE00011490160114812490160124803210268CD
:108BF00022F0C00241EA020101600C480E49016006
:108C00000E490F4A521A013A05DD0020042308607C
:108C10001944043AFBDA0B48854662B60A48004715
:108C2000FEE7000008ED00E00000000000D0074073
:108C30000000739410D00740000000800000FE1F69
:108C4000FFFF012000000220A590000080B5012058
:108C500018490968C86018490868002801D00868E0
:108C60008047BFF34F8F01BD10B5002414E01149B8
:108C70000868C0690122A240104000280BD0096892
:108C8000C8610E4951F82400002804D02000C0B269
:108C900051F824108847641C112CE8D3BFF34F8F80
:108CA00010BD80B5FFF7D2FF01BD80B5FFF7DCFF37
:108CB00001BD00002C9A00002015002008130020A0
:108CC00070B5134C2068C56915F0030520688069EC
:108CD00005402068C561002614E0206880690121F4
:108CE000B1408843216888610BE02800F040C0074C
:108CF00007D5084951F826000028EED051F8260083
:108D00008047761C022EF0D3BFF34F8F70BD00005A
:108D1000EC990000F814002001000000020000009F
:108D20000400000008000000100000002000000007
:108D30004000000080000000000100000002000070
:108D400000040000000800000010000000200000E7
:108D5000004000000080000030000000FFFF000025
:108D600010B50C480468002000F00CF8A068C0069C
:108D700005D509490868002801D008688047BFF375
:108D80004F8F10BD03480068816851F08071816089
:108D900070470000FC9900000C15002080B5FFF71B
:108DA000DFFF01BD0400000002000000000002001F
:108DB0000000010000000800000010000100000099
:108DC00020000000400000008000000000000800BB
:108DD000000004000000010000000100000002008B
:108DE000000000000100000002000000040000007C
:108DF00008000000100000002000000040000000FB
:108E000080000000000100000002000000040000DB
:108E100000080000001000000020000000400000DA
:108E200000800000008000000040000000080000FA
:108E3000000400000000004000000080000000046A
:108E4000200000004000000080000000000008003A
:108E5000000004000000010000000100000002000A
:108E600001000000020000000400000008000000F3
:108E70001000000020000000000040000000800002
:108E800000000001000000020000000400000008D3
:108E900000000040000000803F00C0CF80B5DFF838
:108EA000300000684068C00706D5DFF82800006879
:108EB000002801D0012000E00020C0B2002803D02B
:108EC000DFF8100000688047BFF34F8F01BD00003E
:108ED000B49900000815002030B4002512E050F8C5
:108EE000042BD30744BF4A44521E091F042942F8E9
:108EF000045BFAD213468C0744BF15809B1CC9073C
:108F000048BF1D7050F8041B0029E8D130BC7047E1
:108F10000100000002000000040000000800000042
:108F20001000000020000000400000008000000051
:108F3000000100000002000010000000FF0300001C
:108F400010B5074979441831064C7C44163404E0C6
:108F50000A68081D114488470146A142F8D110BD96
:108F60002C000000580000004EF68851CEF200019F
:108F7000086840F470000860BFF34F8FBFF36F8F35
:108F80004FF00170E1EE100A704700004DFFFFFF47
:108F900074080000C00C002000000000078AFFFFDA
:108FA000B00A0000AA0E000000000020F789FFFFB1
:108FB000F51100005A0000000000FE1FFEE700004F
:108FC00000400240005002400080034000900340F7
:108FD000004004400050044000600540007005401F
:108FE00000400240005002400080034000900340D7
:108FF00000400440005004400060054000700540FF
:109000000000010000000001000000020000000458
:109010000000000800000010000000200080013F58
:109020000100000002000000040000000800000031
:109030001000000020000000000100003F010000BF
:1090400000F00DF8002801D0FFF77AFFAFF30080A1
:109050000020AFF30080FEF73FFF00F002F8012090
:10906000704700F001B8FEE70746384600F002F806
:10907000FBE7FEE780B5AFF30080024A110018203D
:10908000ABBEFBE72600020000000000000000006D
:1090900000000000000000000000000000000000D0
:1090A000000000000548014603B4684680F30988C3
:1090B000AFF30080FFF758FFFFF7C2FFA5EDF5FE05
:1090C0000100000002000000040000000800000091
:1090D000200000002F00000001000000020000003E
:1090E0000400000008000000000200000F02000061
:1090F0000100000002000000040000000800000061
:10910000100000001F00000000A0064000B0064054
:1091100000C0064000000740001007400020074044
:1091200000A0064000B0064000C006400000074016
:109130000010074000200740010000001000000060
:1091400001010000280000000200000002000000F1
:1091500080B504490868002801D008688047BFF33B
:109160004F8F01BD241500200090044000A0044052
:1091700000B004400000054000100540009004408D
:1091800000A0044000B0044000000540001005406D
:1091900000F00F4040F00F4080F00F40C0F00F4053
:1091A00000F10F401000000020000000400000000F
:1091B00080000000F000000001000000020000003C
:1091C00004000000080000000F0000008000000004
:1091D00000010000000800000020000080290000BD
:1091E0000100000002000000040000000800000070
:1091F0000F00000000010200000000001C00000041
:109200001C0000000001020000000000320000000D
:1092100032000000000000000071020000000000A9
:109220000000000000000000FFFFFFFF0100000041
:1092300003010000800000000000010000000200A7
:109240008000030000C0024000D002400000034044
:109250000010034000C0024000D002400000034064
:109260000010034000C0004000D0004000800140DA
:109270000090014000C0004000D00040008001404C
:10928000009001400C00001F0F3F01011F00071F4D
:109290000F000000000F0E0D0C0707000400000077
:1092A00000090E0F07070700030000000000000080
:1092B00001000000000000000000000001000000AC
:1092C0000000000002030000300000000101000067
:1092D00000E0034000200440003004400000020091
:1092E00000000100000003004000000080000000BA
:1092F000C000000020000000040000002400000066
:1093000000010001010101010101010100B0034060
:109310000070024000B0034000700240881300005B
:10932000000001000000101301000000E80300002D
:109330000100010000006400010000000060064020
:109340000080054000600640008005400040054068
:109350000050054000E0004000A0014000E0004057
:1093600000A0014000F0004000B0014000F00040CB
:1093700000B00140100000001000000000000004D8
:1093800000000004004800476D3C00000048004712
:109390007D3C0000004800478D3C0000004800472D
:1093A0009D3C000000480047AD3C000000480047DD
:1093B000BD3C000000480047CD3C0000004800478D
:1093C000DD3C000000480047ED3C0000004800473D
:1093D000FD3C0000004800470D3D000000480047EC
:1093E0001D3D0000004800472D3D0000004800479B
:1093F0003D3D0000004800474D3D0000004800474B
:109400005D3D0000004800476D3D000000480047FA
:10941000817C000000480047A57C00000048004710
:109420007987000000480047697500000048004740
:109430009D8D000000480047519100000048004702
:10944000F151000000480047FB5100000048004770
:10945000174D000000480047214D0000004800471C
:109460002B4D0000004800473F4D000000480047DA
:10947000354D000000480047494D000000480047B6
:10948000534D0000004800475D4D00000048004774
:10949000714D000000480047674D0000004800473C
:1094A0007B4D000000480047854D00000048004704
:1094B0008F4D000000480047A34D000000480047C2
:1094C000994D000000480047AD4D0000004800479E
:1094D000B74D000000480047C14D0000004800475C
:1094E000D54D000000480047CB4D00000048004724
:1094F000F567000000480047FF670000004800478C
:109500000968000000480047136800000048004751
:109510001D68000000480047276800000048004719
:10952000A513000000480047B5130000004800479D
:10953000C513000000480047D5130000004800474D
:10954000E513000000480047F513000000480047FD
:1095500005140000004800471514000000480047AB
:10956000251400000048004735140000004800475B
:10957000451400000048004755140000004800470B
:1095800065140000004800477514000000480047BB
:10959000851400000048004795140000004800476B
:1095A000A514000000480047B5140000004800471B
:1095B000C514000000480047D514000000480047CB
:1095C000E514000000480047F5140000004800477B
:1095D0000515000000480047151500000048004729
:1095E00025150000004800473515000000480047D9
:1095F0004515000000480047551500000048004789
:109600006515000000480047751500000048004738
:1096100085150000004800479515000000480047E8
:10962000A515000000480047B51500000048004798
:10963000C515000000480047D51500000048004748
:10964000E515000000480047F515000000480047F8
:1096500005160000004800471516000000480047A6
:109660002516000000480047351600000048004756
:109670004516000000480047551600000048004706
:1096800065160000004800477516000000480047B6
:109690008516000000480047951600000048004766
:1096A000A516000000480047B51600000048004716
:1096B000C516000000480047D516000000480047C6
:1096C000E516000000480047F51600000048004776
:1096D0000517000000480047151700000048004724
:1096E00025170000004800473517000000480047D4
:1096F0004517000000480047551700000048004784
:109700006517000000480047751700000048004733
:1097100085170000004800479517000000480047E3
:10972000A517000000480047B51700000048004793
:10973000C517000000480047D51700000048004743
:10974000E517000000480047F517000000480047F3
:1097500005180000004800471518000000480047A1
:109760002518000000480047351800000048004751
:109770004518000000480047551800000048004701
:1097800065180000004800477518000000480047B1
:109790008518000000480047951800000048004761
:1097A000A518000000480047B51800000048004711
:1097B000C518000000480047D518000000480047C1
:1097C000E518000000480047F51800000048004771
:1097D000051900000048004715190000004800471F
:1097E00025190000004800473519000000480047CF
:1097F000451900000048004755190000004800477F
:10980000651900000048004775190000004800472E
:1098100085190000004800479519000000480047DE
:109820006B6C000000480047756C00000048004762
:109830007F6C000000480047896C0000004800472A
:10984000936C0000004800479D6C000000480047F2
:10985000A76C000000480047B16C000000480047BA
:10986000BB6C000000480047C56C00000048004782
:10987000CF6C000000480047D96C0000004800474A
:10988000E36C000000480047ED6C00000048004712
:10989000F76C000000480047016D000000480047D9
:1098A000915F0000004800479B5F000000480047B0
:1098B000A55F000000480047AF5F00000048004778
:1098C0003B870000004800474587000000480047EC
:1098D000EF49000000480047F949000000480047F0
:1098E000034A0000004800470D4A000000480047B6
:1098F000174A0000004800471B720000004800475C
:1099000041850000004800474985000000480047A5
:109910009D8E000000480047158B0000004800475E
:109920003189000000480047418900000048004795
:109930005189000000480047A38C00000048004700
:10994000AB8C000000480047CD2D000000480047C8
:109950005F1D000000480047691D000000480047E7
:10996000731D0000004800477D1D000000480047AF
:10997000871D000000480047911D00000048004777
:109980009B1D000000480047A51D0000004800473F
:10999000DD52000000480047E75200000048004741
:1099A000C18C0000004800473F7E0000004800478F
:1099B000477E000000300340000F0400000E04004A
:1099C000000D0400000C040000090400000E040057
:1099D000000F04000000010000010000009007409B
:1099E000004006400040064000D0074000300740DD
:1099F00000900040008000400080004000100640C1
:109A0000000002400000024000ED00E000E100E044
:109A100000D0074000D0074000900740009007406A
:109A20007F140000008004400080044000F00740E4
:109A30000000044000300640003006400040034073
:109A4000002005400020054000000000FFF7FEBF99
:109A5000100B00B003400070024000F00F404004C3
:109A600012800412C0041300F104100900C842005F
:109A700000484200806D4508F30A43000100FE9251
:109A80000E493CB10AC93C2BC3163D2EFB483D751F
:109A90002B7B3D04A9963D80B6AF3D36BDC83D2F1A
:109AA000BCE13D73B2FA3D87CF093E8340163EB517
:109AB000AB223EA2102F3ECF6E3B3EC2C5473E01B9
:109AC00015543E135C603E7F9A6C3ECCCF783EC00E
:109AD0007D823E938E883E229A8E3E32A0943E86B0
:109AE000A09A3EE59AA03E128FA63ED47CAC3EEFF3
:109AF00063B23E2A44B83E491DBE3E15EFC33E53F5
:109B0000B9C93ECA7BCF3E4136D53E80E8DA3E4FEA
:109B100092E03E7533E63EBBCBEB3EEA5AF13ECBDC
:109B2000E0F63E275DFC3EE4E7003F3D9C033F82BC
:109B30004B063F9BF5083F6B9A0B3FDA390E3FCD42
:109B4000D3103F2A68133FD9F6153FC07F183FC690
:109B5000021B3FD17F1D3FCBF61F3F9967223F2558
:109B6000D2243F5636273F1594293F4AEB2B3FDE40
:109B70003B2E3FBB85303FC9C8323FF304353F30F1
:109B8000FD233A373F4268393F3B8F3B3FF9AE3DBB
:109B90003F67C73F3F70D8413F01E2433F03E44581
:109BA0003F65DE473F12D1493FF8BB4B3F029F4D17
:109BB0003F207A4F3F3D4D513F4918533F31DB54D1
:109BC0003FE595563F5348583F6AF2593F1A945B18
:109BD0003F532D5D3F05BE5E3F2146603F97C56107
:109BE0003F5A3C633F59AA643F880F663FD86B6772
:109BF0003F3CBF683FA7096A3F0C4B6B3F5E836CDD
:109C00003F93B26D3F9ED86E3F73F56F3F08097169
:109C10003F5213723F4714733FDD0B743F0BFA74CE
:109C20003FC6DE753F07BA763FC58B773FF853785E
:109C30003F9812793F9DC7793F02737A3FBE147BEC
:109C40003FCDAC7B3F283B7C3FC9BF7C3FAC3A7DDE
:109C50003FCCAB7D3F23137E3FB0707E3F6DC47E13
:109C60003F580E7F3F6D4E7F3FAB847F3F0FB17FEC
:109C70003F97D37F3F43EC7F3F11FB7F3F00008046
:109C80000821102118212021282130313842C448D0
:109C9000215021582160216821702178218021885C
:109CA0002190219821A021A821B021B821C021C84C
:109CB00021D021D821E021E821F021F82500250834
:109CC000251025182520252825302538254025480C
:109CD00025502558256025682570257825802588FC
:109CE0002590259825A025A825B025B825C025C8EC
:109CF00025D025D825E025E825F025F829002908D4
:109D000029102918292029282930293829402948AB
:109D1000295029582960296829702978298029889B
:109D20002990299829A029A829B029B829C029C88B
:109D300029D029D829E029E829F029F82D00032D78
:109D400008032D10032D18032D20032D28032D307B
:109D5000032D38032D40032D48032D50032D5803A8
:109D60002D60032D68032D70032D78032D80032DA6
:109D700088032D90032D98032DA0032DA8032DB04B
:109D8000032DB8032DC0032DC8032DD0032DD803F8
:109D90002DE0032DE8032DF0032DF8032D180411F9
:109DA0000812BC1012BC1812BD2012BD2812BD3002
:109DB00012BD3812BD4012BD4812BD5012BD58121E
:109DC000BE6012BE6812BE7012BE7812BE8012BE95
:109DD0008812BE9012BE9812BEA012BEA812BEB0CB
:109DE00012BEB812BEC012BEC812BED012BED81269
:109DF000BEE012BEE812BEF012BEF816BE0016BEDD
:109E00000816BE1016BE1816BE2016BE2816BE3086
:109E100016BE3816BE4016BE4816BE5016BE5816A0
:109E2000BF6016BF6816BF7016BF7816BF8016BF1A
:109E30008816BF9016BF9816BFA016BFA816BFB051
:109E400016BFB816BFC016BFC816BFD016BFD816EB
:109E5000BFE016BFE816BFF016BFF81ABF001ABF62
:109E6000081ABF101ABF181ABF201ABF281ABF300D
:109E70001ABF381ABF401ABF481ABF501ABF581A23
:109E8000BF601ABF681ABF701ABF781ABF801ABFA6
:109E9000881ABF901ABF981ABFA01ABFA81ABFB0DD
:109EA0001ABFB81ABFC01ABFC81ABFD01ABFD81A73
:109EB000BFE01ABFE81ABFF01ABFF81EBF00031EAA
:109EC000BF08031EBF10031EBF18031EBF20031EC2
:109ED000BF28031EBF30031EBF38031EBF40031E32
:109EE000BF48031EBF50031EBF58031EBF60031EA2
:109EF000BF68031EBF70031EBF78031EBF80031E12
:109F0000BF88031EBF90031EBF98031EBFA0031E81
:109F1000BFA8031EBFB0031EBFB8031EBFC0031EF1
:109F2000BFC8031EBFD0031EBFD8031EBFE0031E61
:109F3000BFE8031EBFF0031EBFF8031EBF000431BD
:109F40000821102118212021282130313842C4480D
:109F50002150215821602168217021782180218899
:109F60002190219821A021A821B021B821C021C889
:109F700021D021D821E021E821F021F82500250871
:109F80002510251825202528253025382540254849
:109F90002550255825602568257025782580258839
:109FA0002590259825A025A825B025B825C025C829
:109FB00025D025D825E025E825F025F82900290811
:109FC00029102918292029282930293829402948E9
:109FD00029502958296029682970297829802988D9
:109FE0002990299829A029A829B029B829C029C8C9
:109FF00029D029D829E029E829F029F82D00032DB6
:10A0000008032D10032D18032D20032D28032D30B8
:10A01000032D38032D40032D48032D50032D5803E5
:10A020002D60032D68032D70032D78032D80032DE3
:10A0300088032D90032D98032DA0032DA8032DB088
:10A04000032DB8032DC0032DC8032DD0032DD80335
:10A050002DE0032DE8032DF0032DF8031D00043E31
:10A06000801C081003010000020205200400020108
:10A0700001000207220214F101011001A040F418AE
:10A08000610421011232075003D253FB41322F5099
:10A090000B265F0D44DB0F4940DD7EBC43141440AA
:10A0A00006A0C92C447CD9A03E0F100480406F123A
:10A0B000833A0462BA6211301003422FE34D3C042C
:10A0C000A2BC76E12861011114100738000040405D
:10A0D000CDCCCC3D1C10033F18B7513904F22FB939
:10A0E00050F25A000110061F856B3F0BD7A33D7C31
:10A0F000F2333D78C006813B8E3B6643C8384C1333
:10A10000404104F21BC16025A81104F227BE94252A
:10A11000EC110462C440F0050CC34902401474C73A
:10A12000E4F11324F10B016002DAAC2A3F3CA006F3
:10A130002E34894873197E454C100208FCD745041B
:10A1400062C514F4023BCDCC4C3DEC294018029A78
:10A15000838446DCF00F1F3E52B89E3E90FCC1390E
:10A160002F56D439ED84973968F006477B09474369
:10A17000894E3840C049EC600480410AD7233DAC89
:10A18000740DCEAFE6393EEB28459E755144D0BAEA
:10A1900041FCF002033FFFFFFF68A180F1130CA117
:10A1A0000143E803162016EFF31080002800D17257
:10A1B000B607B405480649034A0160026007BC14AB
:10A1C000000E62B670477B0C0D1E14200540D6B100
:02A1D000C4A029
:04000005000090A5C2
:00000001FF
